Workbook

Sheet 全校113學年度授課節數比較表
B1: 全校113-114學年度授課節數概算表
B2: 學年度 | C2: 113學年度 | G2: 113學年度 | K2: 114學年度 | O2: 未來正式教師預估節數 | P2: 全校 需求 節數 | Q2: 剩餘 節數 | R2: 平均兼課節數 | U2: 未來尚可聘用人數 | V2: 113學年度日間職務編制 | AJ2: 代理人員備註 | AK2: 進修部授課為主之正式教師數 | AL2: 全校正式教師清單(綠字：主任、紫字：組長、藍字：科主任、粉字：導師、棕字：專任教師、底線黑字：進修部授課為主教師) | AM2: 進修部授課為主代理教師數 | AN2: 備註(人) | AO2: 備註(事) | AQ2: 應英科如調整應日科 | AR2: 應英科如調整特招班、會計科如調整國貿科 | AS2: 退休預估(人事室預先調查資料)
B3: 教學領域 | C3: 基本節數(正式教師以導師預估) | D3: 需求 節數 | E3: 剩餘 節數 | F3: 教師平均超時 | G3: 113學年職務正式教師節數 | H3: 需求 節數 | I3: 剩餘 節數 | J3: 正式教師平均超時 | K3: 114學年職務正式教師節數(以導師預估) | L3: 需求 節數 | M3: 剩餘 節數 | N3: 正式教師平均超時 | R3: 108學年度 節/人 | S3: 109學年度 節/人 | T3: 110學年度 節/人 | V3: 職稱 | W3: 主任 | X3: 組長 | Z3: 科主任 | AB3: 導師/資源教室業務/召集人 | AE3: 專任 | AH3: 人員合 計 | AI3: 基本授課 時數
V4: 基本 時數 | W4: 1 | X4: 5 | Y4: 7 | Z4: 6 | AA4: 7 | AB4: 10 | AC4: 12 | AD4: 14 | AE4: 12 | AF4: 14 | AG4: 16
B5: 國文/ 社會領域 | C5: =(AH5+AK5)*10 -> 130 | D5: =日113課程節數預估表!AH5-9+進113課程節數一覽表!K4 -> 132 | E5: =D5-C5 -> 2 | F5: =E5/(AH5+AK5) -> 0.15384615 | G5: =AI5+26 -> 104 | H5: =D5 -> 132 | I5: =H5-G5 -> 28 | J5: =I5/(AH5+AK5) -> 2.1538462 | K5: =C5 -> 130 | L5: =日114課程節數預估表!AJ5-9+進113課程節數一覽表!K4 -> 146 | M5: =L5-K5 -> 16 | N5: =M5/(AH5+AK5) -> 1.2307692 | O5: =(AH5+AK5)*10 -> 130 | P5: =L5 -> 146 | Q5: =P5-O5 -> 16 | R5: 6.2 | S5: 6.6 | T5: =#REF!/(AH5-#REF!) -> #REF! | U5: 0 | V5: 各 科 教 師 人 數 | W5: 3 | Y5: 1 | AB5: 4 | AF5: 2 | AH5: =SUM(W5:AG5) -> 10 | AI5: =W5*$W$4+X5*$X$4+Y5*$Y$4+Z5*$Z$4+AA5*$AA$4+AB5*$AB$4+AC5*$AC$4+AD5*$AD$4+AE5*$AE$4+AF5*$AF$4+AG5*$AG$4 -> 78 | AJ5: 不含代理教師廖懿琳 | AK5: 3 | AL5: 邱亦縈、賴士鈞、呂善成、林怡菁、凌兆鳳、周宜梅、甘芝如、林淑萍、洪唯婷、陳維德、顏如玉、許雅婷、李智淵 | AM5: 0 | AO5: 113學年日校歷史、地理因應課綱挪移暫減14節
B6: 英文暨 應英科 | C6: =(AH6+AK6)*12 -> 132 | D6: =日113課程節數預估表!AI14+進113課程節數一覽表!K12 -> 141 | E6: =D6-C6 -> 9 | F6: =E6/(AH6+AK6) -> 0.81818182 | G6: =AI6+12 -> 128 | H6: =D6 -> 141 | I6: =H6-G6 -> 13 | J6: =I6/(AH6+AK6) -> 1.1818182 | K6: =C6 -> 132 | L6: =日114課程節數預估表!AK14+進113課程節數一覽表!K12 -> 143 | M6: =L6-K6 -> 11 | N6: =M6/(AH6+AK6) -> 1 | O6: =(AH6+AK6)*12 -> 132 | P6: =L6 -> 143 | Q6: =P6-O6 -> 11 | R6: -0.8 | S6: 1.2 | T6: =#REF!/(AH6-#REF!) -> #REF! | U6: *1 | X6: 1 | AA6: 1 | AC6: 6 | AG6: 2 | AH6: =SUM(W6:AG6) -> 10 | AI6: =W6*$W$4+X6*$X$4+Y6*$Y$4+Z6*$Z$4+AA6*$AA$4+AB6*$AB$4+AC6*$AC$4+AD6*$AD$4+AE6*$AE$4+AF6*$AF$4+AG6*$AG$4 -> 116 | AJ6: 不含代理教師蔡文杰 | AK6: 1 | AL6: 林美儒、康騰芳、張佑丞、余沛晴、王賢正、蘇孟珠、陳美惠、張敏慧、林宥均、張萬華、李濟森 | AM6: 1 | AN6: 113學年李濟森老師請侍親留停 | AQ6: 115學年減4節.116學年減10節.117學年減7節 | AS6: 114學年1人
B7: 數學領域 | C7: =(AH7+AK7)*12 -> 72 | D7: =日113課程節數預估表!AH37+進113課程節數一覽表!K14 -> 100 | E7: =D7-C7 -> 28 | F7: =E7/(AH7+AK7) -> 4.6666667 | G7: =AI7 -> 57 | H7: =D7 -> 100 | I7: =H7-G7 -> 43 | J7: =I7/(AH7+AK7) -> 7.1666667 | K7: =C7 -> 72 | L7: =日114課程節數預估表!AJ37+進113課程節數一覽表!K14 -> 100 | M7: =L7-K7 -> 28 | N7: =M7/(AH7+AK7) -> 4.6666667 | O7: =(AH7+AK7)*12 -> 72 | P7: =L7 -> 100 | Q7: =P7-O7 -> 28 | R7: 4.125 | S7: 0.75 | T7: =#REF!/(AH7-#REF!) -> #REF! | U7: 1 | X7: 1 | AC7: 3 | AG7: 1 | AH7: 6 | AI7: =W7*$W$4+X7*$X$4+Y7*$Y$4+Z7*$Z$4+AA7*$AA$4+AB7*$AB$4+AC7*$AC$4+AD7*$AD$4+AE7*$AE$4+AF7*$AF$4+AG7*$AG$4 -> 57 | AJ7: 不含代理教師林秋美、楊昌融 | AK7: 0 | AL7: 陳威任、吳汶諭(留停)、李振巽、葉士瑋、林俊儒、高淩鈴 | AM7: 0 | AN7: 113學年吳汶諭老師請育嬰留停
B8: 自然領域 | C8: =AI8 -> 16 | D8: =日113課程節數預估表!AH41+進113課程節數一覽表!K68 -> 22 | E8: =D8-C8 -> 6 | F8: =E8/(AH8+AK8) -> 6 | G8: =AI8 -> 16 | H8: =D8 -> 22 | I8: =H8-G8 -> 6 | J8: =I8/(AH8+AK8) -> 6 | K8: =C8 -> 16 | L8: =日114課程節數預估表!AJ41+進113課程節數一覽表!K68 -> 22 | M8: =L8-K8 -> 6 | N8: =M8/(AH8+AK8) -> 6 | O8: =(AH8+AK8)*12 -> 12 | P8: =L8 -> 22 | Q8: =P8-O8 -> 10 | R8: 6 | S8: 6 | T8: =#REF!/(AH8-#REF!) -> #REF! | U8: 0 | AG8: 1 | AH8: =SUM(W8:AG8) -> 1 | AI8: =W8*$W$4+X8*$X$4+Y8*$Y$4+Z8*$Z$4+AA8*$AA$4+AB8*$AB$4+AC8*$AC$4+AD8*$AD$4+AE8*$AE$4+AF8*$AF$4+AG8*$AG$4 -> 16 | AK8: 0 | AL8: 楊宜升 | AM8: 0
B9: 資處科 | C9: =(AH9+AK9)*12-9-7 -> 116 | D9: =日113課程節數預估表!AI82+進113課程節數一覽表!K42 -> 150 | E9: =D9-C9 -> 34 | F9: =E9/(AH9+AK9) -> 3.0909091 | G9: =AI9+35 -> 83 | H9: =D9 -> 150 | I9: =H9-G9 -> 67 | J9: =I9/(AH9+AK9) -> 6.0909091 | K9: =C9 -> 116 | L9: =日114課程節數預估表!AK82+進113課程節數一覽表!K42 -> 138 | M9: =L9-K9 -> 22 | N9: =M9/(AH9+AK9) -> 2 | O9: =(AH9+AK9)*12 -> 132 | P9: =L9 -> 138 | Q9: =P9-O9 -> 6 | R9: 4 | S9: 6 | T9: =#REF!/(AH9-#REF!) -> #REF! | U9: *1 | W9: 2 | X9: 1 | Y9: 2 | Z9: 1 | AC9: 1 | AG9: 1 | AH9: =SUM(W9:AG9) -> 8 | AI9: =(W9*$W$4+X9*$X$4+Y9*$Y$4+Z9*$Z$4+AA9*$AA$4+AB9*$AB$4+AC9*$AC$4+AD9*$AD$4+AE9*$AE$4+AF9*$AF$4+AG9*$AG$4)-7 -> 48 | AJ9: 不含代理教師楊文鶯、陳美娟、張德彥；許志恒老師兼授公民 | AK9: 3 | AL9: 陳麴合、黃蘭芝、陳妙紅、陳月梅、許志恆、曹琮閔、張正芳、江素慧、吳振銘(進)、官孟璋、張美惠、劉和師 | AM9: 0 | AN9: 許志恆教師兼授公民 | AO9: 113學年有實用技能班一班(高一)共4節、資媒組長綁定資料處理科 | AS9: 114學年1人、116學年1人
B10: 會計科 | C10: =(AH10+AK10)*12 -> 108 | D10: =日113課程節數預估表!AH44+進113課程節數一覽表!K15 -> 142 | E10: =D10-C10 -> 34 | F10: =E10/(AH10+AK10) -> 3.7777778 | G10: =AI10+12 -> 100 | H10: =D10 -> 142 | I10: =H10-G10 -> 42 | J10: =I10/(AH10+AK10) -> 4.6666667 | K10: =C10 -> 108 | L10: =日114課程節數預估表!AJ44+進113課程節數一覽表!K15 -> 141 | M10: =L10-K10 -> 33 | N10: =M10/(AH10+AK10) -> 3.6666667 | O10: =(AH10+AK10)*12 -> 108 | P10: =L10 -> 141 | Q10: =P10-O10 -> 33 | R10: 2.8888889 | S10: 2 | T10: =#REF!/(AH10-#REF!) -> #REF! | U10: 1 | W10: 1 | AA10: 1 | AC10: 4 | AG10: 2 | AH10: =SUM(W10:AG10) -> 8 | AI10: =W10*$W$4+X10*$X$4+Y10*$Y$4+Z10*$Z$4+AA10*$AA$4+AB10*$AB$4+AC10*$AC$4+AD10*$AD$4+AE10*$AE$4+AF10*$AF$4+AG10*$AG$4 -> 88 | AJ10: 不含代理教師林坤宏、黃伃延 | AK10: 1 | AL10: 江曾為美、施美言、林淑滿、歐郁玟、陳學毅、周碧純、烏莎斯、謝淑姿、黃文華 | AM10: 1 | AO10: 113學年有實用技能班一班(高一)共3節
B11: 商經科 | C11: =(AH11+AK11)*12 -> 120 | D11: =日113課程節數預估表!AH63+進113課程節數一覽表!K28 -> 151 | E11: =D11-C11 -> 31 | F11: =E11/(AH11+AK11) -> 3.1 | G11: =AI11+12 -> 107 | H11: =D11 -> 151 | I11: =H11-G11 -> 44 | J11: =I11/(AH11+AK11) -> 4.4 | K11: =C11 -> 120 | L11: =日114課程節數預估表!AJ63+進113課程節數一覽表!K28 -> 146 | M11: =L11-K11 -> 26 | N11: =M11/(AH11+AK11) -> 2.6 | O11: =(AH11+AK11)*12 -> 120 | P11: =L11 -> 146 | Q11: =P11-O11 -> 26 | R11: 2 | S11: 4.33 | T11: =#REF!/(AH11-#REF!) -> #REF! | U11: 1 | X11: 1 | Y11: 1 | AA11: 1 | AC11: 5 | AG11: 1 | AH11: =SUM(W11:AG11) -> 9 | AI11: =W11*$W$4+X11*$X$4+Y11*$Y$4+Z11*$Z$4+AA11*$AA$4+AB11*$AB$4+AC11*$AC$4+AD11*$AD$4+AE11*$AE$4+AF11*$AF$4+AG11*$AG$4 -> 95 | AJ11: 不含代理教師李思穎 | AK11: 1 | AL11: 林宣融、許雅婷、李翠華、魏彙菁、沈恩典、林淑芬、林秀峯、洪慧珊、粘雅琪、張秋菊 | AM11: 1 | AO11: 113學年有實用技能班一班(高一)共5節
B12: 多媒科 | C12: =AI12 -> 20 | D12: =日113課程節數預估表!AH104 -> 26 | E12: =D12-C12 -> 6 | F12: =E12/(AH12+AK12) -> 3 | G12: =AI12 -> 20 | H12: =D12 -> 26 | I12: =H12-G12 -> 6 | J12: =I12/(AH12+AK12) -> 3 | K12: =C12 -> 20 | L12: =日114課程節數預估表!AK103 -> 45 | M12: =L12-K12 -> 25 | N12: =M12/(AH12+AK12) -> 12.5 | O12: =(AH12+AK12)*12 -> 24 | P12: =L12 -> 45 | Q12: =P12-O12 -> 21 | U12: *2 | AB12: 2 | AH12: =SUM(W12:AG12) -> 2 | AI12: 20 | AK12: 0 | AL12: 蔡雅雯、江亭儀(特教業務) | AM12: 0
B13: 藝術生活/ 美術 | C13: =AI13 -> 0 | D13: =日113課程節數預估表!AH122+進113課程節數一覽表!K63 -> 21 | E13: =D13-C13 -> 21 | G13: =AI13 -> 0 | H13: =D13 -> 21 | I13: =H13-G13 -> 21 | K13: =C13 -> 0 | L13: =日114課程節數預估表!AJ134+進113課程節數一覽表!J63 -> 22 | M13: =L13-K13 -> 22 | O13: =(AH13+AK13)*12 -> 0 | P13: =L13 -> 22 | Q13: =P13-O13 -> 22 | R13: 18 | S13: 2 | T13: =#REF!/(AH13-#REF!) -> #REF! | U13: 1 | AH13: =SUM(W13:AG13) -> 0 | AI13: =W13*$W$4+X13*$X$4+Y13*$Y$4+Z13*$Z$4+AA13*$AA$4+AB13*$AB$4+AC13*$AC$4+AD13*$AD$4+AE13*$AE$4+AF13*$AF$4+AG13*$AG$4 -> 0 | AJ13: 不含代理教師廖婕雅 | AK13: 0 | AM13: 0
B14: 體 育 | C14: =AH14*12 -> 48 | D14: =日113課程節數預估表!AH124+進113課程節數一覽表!J70+進113課程節數一覽表!J71 -> 61 | E14: =D14-C14 -> 13 | F14: =E14/(AH14+AK14) -> 2.6 | G14: =AI14 -> 43 | H14: =D14 -> 61 | I14: =H14-G14 -> 18 | J14: =I14/(AH14+AK14) -> 3.6 | K14: =C14 -> 48 | L14: =日114課程節數預估表!AJ136+進113課程節數一覽表!J70+進113課程節數一覽表!J71 -> 61 | M14: =L14-K14 -> 13 | N14: =M14/(AH14+AK14) -> 2.6 | O14: =(AH14+AK14)*12 -> 60 | P14: =L14 -> 61 | Q14: =P14-O14 -> 1 | R14: 5.5 | S14: 5.5 | T14: =#REF!/(AH14-#REF!) -> #REF! | U14: 0 | Y14: 1 | AC14: 3 | AH14: =SUM(W14:AG14) -> 4 | AI14: =W14*$W$4+X14*$X$4+Y14*$Y$4+Z14*$Z$4+AA14*$AA$4+AB14*$AB$4+AC14*$AC$4+AD14*$AD$4+AE14*$AE$4+AF14*$AF$4+AG14*$AG$4 -> 43 | AJ14: 不含代理教師莊明璋 | AK14: 1 | AL14: 田德洋、丁瑋君、王曉琪、王淑華 | AM14: 0
B15: 健康與護理/ 生涯規劃 | C15: 12 | D15: =日113課程節數預估表!AH125+日113課程節數預估表!AH127+進113課程節數一覽表!J65+進113課程節數一覽表!J72+進113課程節數一覽表!J73 -> 34 | E15: =D15-C15 -> 22 | G15: 7 | H15: =D15 -> 34 | I15: =H15-G15 -> 27 | K15: =C15 -> 12 | L15: =日114課程節數預估表!AJ137+日114課程節數預估表!AJ139+進113課程節數一覽表!J65+進113課程節數一覽表!J72+進113課程節數一覽表!J73 -> 25 | M15: =L15-K15 -> 13 | O15: 12 | P15: =L15 -> 25 | Q15: =P15-O15 -> 13 | R15: 0.66666667 | S15: -1.33 | T15: =#REF!/(AH15-#REF!) -> #REF! | U15: 0 | W15: 1 | X15: 1 | Y15: 1 | AH15: =SUM(W15:AG15) -> 3 | AI15: =W15*$W$4+X15*$X$4+Y15*$Y$4+Z15*$Z$4+AA15*$AA$4+AB15*$AB$4+AC15*$AC$4+AD15*$AD$4+AE15*$AE$4+AF15*$AF$4+AG15*$AG$4 -> 13 | AJ15: 不含代理教師蘇文夙 | AK15: 1 | AL15: 阮珊珊、朱湄惠、林明穎、黃佩莉 | AM15: 0 | AO15: 113學年日生涯規劃因課綱調整生涯規劃暫多9節 | AS15: 116學年1人
B16: 全民國防教育 | D16: =9+進113課程節數一覽表!J73 -> 11 | E16: 9 | H16: =D16 -> 11 | I16: 9 | L16: =9+進113課程節數一覽表!J73 -> 11 | O16: 0 | P16: =L16 -> 11 | Q16: =P16-O16 -> 11 | R16: -2 | S16: -4.25 | T16: =#REF!/(AH16-#REF!) -> #REF! | U16: *1 | AI16: =W16*$W$4+X16*$X$4+Y16*$Y$4+Z16*$Z$4+AA16*$AA$4+AB16*$AB$4+AC16*$AC$4+AD16*$AD$4+AE16*$AE$4+AF16*$AF$4+AG16*$AG$4 -> 0 | AJ16: 招聘代理教師，若無則請教官支援 | AK16: 1 | AL16: 軍訓教官支援(尚有3人，惟將於113學年退伍1人、114學年退伍1人) | AM16: 0
W18: =SUM(W5:W16) -> 7 | X18: =SUM(X5:X16) -> 5 | Y18: =SUM(Y5:Y16) -> 6 | Z18: =SUM(Z5:Z16) -> 1 | AA18: =SUM(AA5:AA16) -> 3 | AB18: =SUM(AB5:AB16) -> 6 | AC18: =SUM(AC5:AC16) -> 22 | AD18: =SUM(AD5:AD16) -> 0 | ... AH18: =SUM(AH5:AH16) -> 61
AD19: 含：資源教室業務及導師

Sheet 日113課程節數預估表
B1: 113學年度本校課程節數一覽表--日校 | G1: 適用課綱：111(高三)、112(高二)、113(高一)
B2: 教學 領域 | C2: 科 目 名 稱 | D2: 一 年 級 | N2: 二 年 級 | X2: 三 年 級 | AF2: 小 計 | AH2: 各領域 總 計
D3: 多媒科 | F3: 資處科 | H3: 會計科 | J3: 商經科 | L3: 應英科 | N3: 多媒科 | P3: 資處科 | R3: 會計科 | T3: 商經科 | V3: 應英科 | X3: 資處科 | Z3: 會計科 | AB3: 商經科 | AD3: 應英科
D4: 上 | E4: 下 | F4: 上 | G4: 下 | H4: 上 | I4: 下 | J4: 上 | K4: 下 | L4: 上 | M4: 下 | N4: 上 | O4: 下 | P4: 上 | Q4: 下 | R4: 上 | S4: 下 | T4: 上 | U4: 下 | V4: 上 | W4: 下 | X4: 上 | Y4: 下 | Z4: 上 | AA4: 下 | AB4: 上 | AC4: 下 | AD4: 上 | AE4: 下 | AF4: 上 | AG4: 下 | AH4: 上 | AI4: 下
B5: 國文/ 社會 | C5: 國語文 | D5: 3 | E5: 3 | F5: 3 | G5: 3 | H5: 3 | I5: 3 | J5: 3 | K5: 3 | L5: 3 | M5: 3 | N5: 3 | O5: 3 | P5: 3 | Q5: 3 | R5: 3 | S5: 3 | T5: 3 | U5: 3 | V5: 3 | W5: 3 | X5: 2 | Y5: 2 | Z5: 2 | AA5: 2 | AB5: 2 | AC5: 2 | AD5: 2 | AE5: 2 | AF5: =F5*2+H5*2+J5*2+L5*2+P5*2+R5*2+T5*2+V5*2+X5*3+Z5*2+AB5*2+AD5*2+D5+N5 -> 72 | AG5: =G5*2+I5*2+K5*2+M5*2+Q5*2+S5*2+U5*2+W5*2+Y5*3+AA5*2+AC5*2+AE5*2+E5+O5 -> 72 | AH5: =SUM(AF5:AF13) -> 112 | AI5: =SUM(AG5:AG13) -> 116
C6: 古典文學選讀 | D6: 1 | E6: 1 | F6: 1 | G6: 1 | H6: 1 | I6: 1 | J6: 1 | K6: 1 | L6: 1 | M6: 1 | AF6: =F6*2+H6*2+J6*2+L6*2+P6*3+R6*2+T6*2+V6*2+X6*3+Z6*2+AB6*2+AD6*2+D6 -> 9 | AG6: =G6*2+I6*2+K6*2+M6*2+Q6*3+S6*2+U6*2+W6*2+Y6*3+AA6*2+AC6*2+AE6*2+E6 -> 9
C7: 跨領域趨勢閱讀 | X7: 1 | Y7: 1 | Z7: 1 | AA7: 1 | AB7: 1 | AC7: 1 | AD7: 1 | AE7: 1 | AF7: =F7*3+H7*2+J7*2+L7*2+P7*3+R7*2+T7*2+V7*2+X7*3+Z7*2+AB7*2+AD7*2 -> 9 | AG7: =G7*3+I7*2+K7*2+M7*2+Q7*3+S7*2+U7*2+W7*2+Y7*3+AA7*2+AC7*2+AE7*2 -> 9
C8: 現代詩文賞析 | N8: 1 | O8: 1 | P8: 1 | Q8: 1 | R8: 1 | S8: 1 | T8: 1 | U8: 1 | V8: 1 | W8: 1 | AF8: =P8*2+R8*2+T8*2+V8*2+X8*3+Z8*2+AB8*2+AD8*2+N8 -> 9 | AG8: =Q8*2+S8*2+U8*2+W8*2+O8 -> 9
C9: 歷史(112起移至高三) | AF9: =P9*2+R9*2+T9*2+V9*2+N9 -> 0 | AG9: =Q9*2+S9*2+U9*2+W9*2+N9 -> 0
C10: 地理(多.資.英112起移至高三) | R10: 1 | S10: 1 | T10: 1 | U10: 1 | AF10: =P10*2+R10*2+T10*2+V10*2+N10 -> 4 | AG10: =Q10*2+S10*2+U10*2+W10*2+O10 -> 4
C11: 公民與社會 | X11: 1 | Y11: 1 | Z11: 1 | AA11: 1 | AB11: 1 | AC11: 1 | AD11: 1 | AE11: 1 | AF11: =X11*3+Z11*2+AB11*2+AD11*2 -> 9 | AG11: =Y11*3+AA11*2+AC11*2+AE11*2 -> 9
C12: 說故事學行銷(AP選) 3選1 | U12: 2 | AF12: 0 | AG12: 2
C13: 人工智慧溝通入門(AM選) 5選1 | S13: 2 | W13: 2 | AF13: 0 | AG13: 2 | AL13: 上學期 | AM13: 下學期
B14: 英文 | C14: 英語文 | D14: 2 | E14: 2 | F14: 2 | G14: 2 | H14: 2 | I14: 2 | J14: 2 | K14: 2 | L14: 2 | M14: 2 | N14: 2 | O14: 2 | P14: 2 | Q14: 2 | R14: 2 | S14: 2 | T14: 2 | U14: 2 | V14: 2 | W14: 2 | X14: 2 | Y14: 2 | Z14: 2 | AA14: 2 | AB14: 2 | AC14: 2 | AD14: 2 | AE14: 2 | AF14: =F14*2+H14*2+J14*2+L14*2+P14*2+R14*2+T14*2+V14*2+X14*3+Z14*2+AB14*2+AD14*2+D14+N14 -> 54 | AG14: =G14*2+I14*2+K14*2+M14*2+Q14*2+S14*2+U14*2+W14*2+Y14*3+AA14*2+AC14*2+AE14*2+E14+O14 -> 54 | AH14: =SUM(AF14:AF36)-2 -> 137 | AI14: =SUM(AG14:AG36) -> 127 | AK14: 普通科節數 | AL14: =AF14+AF15+AF22+AF25 -> 89 | AM14: 89
C15: 生活英語會話 | D15: 1 | E15: 1 | F15: 1 | G15: 1 | H15: 1 | I15: 1 | J15: 1 | K15: 1 | AF15: =F15*2+H15*2+J15*2+D15 -> 7 | AG15: =G15*2+I15*2+K15*2+E15 -> 7 | AK15: 應用英語科節數 | AL15: =AH14-AL14 -> 48 | AM15: =AI14-AM14 -> 38
C16: 初階英語聽講練習 | L16: 2 | M16: 2 | AF16: =F16*3+H16*2+J16*2+L16*2+P16*3+R16*2+T16*2+V16*2+X16*3+Z16*2+AB16*2+AD16*2 -> 4 | AG16: =G16*3+I16*2+K16*2+M16*2+Q16*3+S16*2+U16*2+W16*2+Y16*3+AA16*2+AC16*2+AE16*2 -> 4
C17: 初階英文閱讀與寫作練習 | L17: 2 | M17: 2 | AF17: =F17*3+H17*2+J17*2+L17*2+P17*3+R17*2+T17*2+V17*2+X17*3+Z17*2+AB17*2+AD17*2 -> 4 | AG17: =G17*3+I17*2+K17*2+M17*2+Q17*3+S17*2+U17*2+W17*2+Y17*3+AA17*2+AC17*2+AE17*2 -> 4
C18: 中階英語聽講練習 | V18: 2 | W18: 2 | AF18: =F18*3+H18*2+J18*2+L18*2+P18*3+R18*2+T18*2+V18*2+X18*3+Z18*2+AB18*2+AD18*2 -> 4 | AG18: =G18*3+I18*2+K18*2+M18*2+Q18*3+S18*2+U18*2+W18*2+Y18*3+AA18*2+AC18*2+AE18*2 -> 4
C19: 中階英文閱讀與寫作練習 | V19: 2 | W19: 2 | AF19: =F19*3+H19*2+J19*2+L19*2+P19*3+R19*2+T19*2+V19*2+X19*3+Z19*2+AB19*2+AD19*2 -> 4 | AG19: =G19*3+I19*2+K19*2+M19*2+Q19*3+S19*2+U19*2+W19*2+Y19*3+AA19*2+AC19*2+AE19*2 -> 4
C20: 高階英語聽講練習 | AD20: 2 | AE20: 2 | AF20: =F20*3+H20*2+J20*2+L20*2+P20*3+R20*2+T20*2+V20*2+X20*3+Z20*2+AB20*2+AD20*2 -> 4 | AG20: =G20*3+I20*2+K20*2+M20*2+Q20*3+S20*2+U20*2+W20*2+Y20*3+AA20*2+AC20*2+AE20*2 -> 4
C21: 高階英文閱讀與寫作練習 | AD21: 2 | AE21: 2 | AF21: =F21*3+H21*2+J21*2+L21*2+P21*3+R21*2+T21*2+V21*2+X21*3+Z21*2+AB21*2+AD21*2 -> 4 | AG21: =G21*3+I21*2+K21*2+M21*2+Q21*3+S21*2+U21*2+W21*2+Y21*3+AA21*2+AC21*2+AE21*2 -> 4
C22: 基礎英文閱讀與寫作 | N22: 2 | O22: 2 | P22: 2 | Q22: 2 | R22: 2 | S22: 2 | T22: 2 | U22: 2 | AF22: =P22*2+R22*2+T22*2+N22 -> 14 | AG22: =Q22*2+S22*2+U22*2+O22 -> 14
C23: 英文商業書信寫作 | AD23: 2 | AF23: =F23*3+H23*2+J23*2+L23*2+P23*3+R23*2+T23*2+V23*2+X23*3+Z23*2+AB23*2+AD23*2 -> 4 | AG23: =G23*3+I23*2+K23*2+M23*2+Q23*3+S23*2+U23*2+W23*2+Y23*3+AA23*2+AC23*2+AE23*2 -> 0
C24: 英美文學作品賞析 | V24: 1 | AF24: =F24*3+H24*2+J24*2+L24*2+P24*3+R24*2+T24*2+V24*2+X24*3+Z24*2+AB24*2+AD24*2 -> 2 | AG24: =G24*3+I24*2+K24*2+M24*2+Q24*3+S24*2+U24*2+W24*2+Y24*3+AA24*2+AC24*2+AE24*2 -> 0
C25: 趣味英文閱讀 | X25: 2 | Y25: 2 | Z25: 2 | AA25: 2 | AB25: 2 | AC25: 2 | AF25: =X25*3+Z25*2+AB25*2 -> 14 | AG25: =Y25*3+AA25*2+AC25*2 -> 14
C26: 新聞英文導讀 | V26: 1 | AF26: =V26*2 -> 2 | AG26: 0
C27: 專題實作 | W27: 2 | AD27: 2 | AF27: =AD27*2 -> 4 | AG27: =AE27*2+W27*2 -> 4
C28: 外語簡報實務 | V28: 2 | W28: 2 | AF28: =V28*2 -> 4 | AG28: =W28*2 -> 4
C29: 實用英文表達(AM選)5選1 | S29: 2 | W29: 2 | AF29: =F29*3+H29*2+J29*2+L29*2+P29*3+R29*2+T29*2+V29*2+X29*3+Z29*2+AB29*2+AD29*2 -> 0 | AG29: 2
C30: 英語導覽(AL選)9選1 | P30: 2 | R30: 2 | T30: 2 | V30: 2 | AF30: 2 | AG30: 0
C31: 英語多媒體口說練習(AL選)9選1 | P31: 2 | R31: 2 | T31: 2 | V31: 2 | AF31: 2 | AG31: 0
C32: 繪本製作(AJ選)3選1 | V32: 2 | AF32: 2 | AG32: =G32*3+I32*2+K32*2+M32*2+Q32*3+S32*2+U32*2+W32*2+Y32*3+AA32*2+AC32*2+AE32*2 -> 0
C33: 英語電影欣賞與討論(AJ選)3選1 | V33: 2 | AF33: 2 | AG33: 0
C34: 英語桌遊(AJ選)3選1 | V34: 2 | AF34: 2 | AG34: 0
C35: 觀光餐旅英語(AG選)2選1 | AE35: 2 | AF35: =AD35*2 -> 0 | AG35: 2
C36: 英語導覽(AG選)2選1 | AE36: 2 | AF36: 0 | AG36: 2
B37: 數學/自然 | C37: 數學 | D37: 3 | E37: 3 | F37: 3 | G37: 3 | H37: 3 | I37: 3 | J37: 3 | K37: 3 | L37: 3 | M37: 3 | N37: 3 | O37: 3 | P37: 3 | Q37: 3 | R37: 3 | S37: 3 | T37: 3 | U37: 3 | V37: 3 | W37: 3 | AF37: =F37*2+H37*2+J37*2+L37*2+P37*3+R37*2+T37*2+V37*2+X37*3+Z37*2+AB37*2+AD37*2+D37 -> 54 | AG37: =G37*2+I37*2+K37*2+M37*2+Q37*3+S37*2+U37*2+W37*2+Y37*3+AA37*2+AC37*2+AE37*2+E37 -> 54 | AH37: =SUM(AF37:AF40) -> 90 | AI37: =SUM(AG37:AG40) -> 92
C38: 數學演習(移至高三) | X38: 1 | Y38: 1 | Z38: 1 | AA38: 1 | AB38: 1 | AC38: 1 | AD38: 1 | AE38: 1 | AF38: =F38*3+H38*2+J38*2+L38*2+P38*3+R38*2+T38*2+V38*2+X38*3+Z38*2+AB38*2+AD38*2 -> 9 | AG38: =G38*3+I38*2+K38*2+M38*2+Q38*3+S38*2+U38*2+W38*2+Y38*3+AA38*2+AC38*2+AE38*2 -> 9
C39: 數學應用 | X39: 3 | Y39: 3 | Z39: 3 | AA39: 3 | AB39: 3 | AC39: 3 | AD39: 3 | AE39: 3 | AF39: =F39*3+H39*2+J39*2+L39*2+P39*3+R39*2+T39*2+V39*2+X39*3+Z39*2+AB39*2+AD39*2 -> 27 | AG39: =G39*3+I39*2+K39*2+M39*2+Q39*3+S39*2+U39*2+W39*2+Y39*3+AA39*2+AC39*2+AE39*2 -> 27
C40: 趣味數學與遊戲(AM選) 5選1 | S40: 2 | W40: 2 | AF40: 0 | AG40: 2
C41: 物理 | D41: 2 | F41: 2 | H41: 2 | J41: 2 | L41: 2 | AF41: =F41*2+H41*2+J41*2+L41*2+P41*3+R41*2+T41*2+V41*2+X41*3+Z41*2+AB41*2+AD41*2+D41 -> 18 | AG41: =G41*3+I41*2+K41*2+M41*2+Q41*3+S41*2+U41*2+W41*2+Y41*3+AA41*2+AC41*2+AE41*2 -> 0 | AH41: =SUM(AF41:AF43) -> 18 | AI41: =AG43+AG42 -> 18
C42: 化學 | E42: 1 | G42: 1 | I42: 1 | K42: 1 | M42: 1 | AF42: 0 | AG42: 9
C43: 生物 | E43: 1 | G43: 1 | I43: 1 | K43: 1 | M43: 1 | AF43: =F43*3+H43*2+J43*2+L43*2+P43*3+R43*2+T43*2+V43*2+X43*3+Z43*2+AB43*2+AD43*2 -> 0 | AG43: =G43*3+I43*2+K43*2+M43*2+Q43*3+S43*2+U43*2+W43*2+Y43*3+AA43*2+AC43*2+AE43*2 -> 9
B44: 會計 | C44: 會計學 | F44: 3 | G44: 3 | H44: 3 | I44: 3 | J44: 3 | K44: 3 | L44: 3 | M44: 3 | P44: 2 | Q44: 2 | R44: 2 | S44: 2 | T44: 2 | U44: 2 | AF44: =F44*2+H44*2+J44*2+L44*2+P44*2+R44*2+T44*2+V44*2+X44*3+Z44*2+AB44*2+AD44*2 -> 36 | AG44: =G44*2+I44*2+K44*2+M44*2+Q44*2+S44*2+U44*2+W44*2+Y44*3+AA44*2+AC44*2+AE44*2 -> 36 | AH44: =SUM(AF44:AF62) -> 115 | AI44: =SUM(AG44:AG62) -> 119
C45: 會計實務 | P45: 1 | Q45: 1 | R45: 1 | S45: 1 | T45: 1 | U45: 1 | X45: 3 | Y45: 3 | Z45: 4 | AA45: 4 | AB45: 4 | AC45: 4 | AF45: =F45*3+H45*2+J45*2+L45*2+P45*2+R45*2+T45*2+V45*2+X45*3+Z45*2+AB45*2+AD45*2 -> 31 | AG45: =G45*3+I45*2+K45*2+M45*2+Q45*2+S45*2+U45*2+W45*2+Y45*3+AA45*2+AC45*2+AE45*2 -> 31
C46: 記帳實作 | H46: 2 | I46: 2 | J46: 2 | K46: 2 | AF46: =F46*3+H46*2+J46*2+L46*2+P46*3+R46*2+T46*2+V46*2+X46*3+Z46*2+AB46*2+AD46*2 -> 8 | AG46: =G46*3+I46*2+K46*2+M46*2+Q46*3+S46*2+U46*2+W46*2+Y46*3+AA46*2+AC46*2+AE46*2 -> 8
C47: 理財生活 | H47: 1 | I47: 1 | AF47: =F47*3+H47*2+J47*2+L47*2+P47*3+R47*2+T47*2+V47*2+X47*3+Z47*2+AB47*2+AD47*2 -> 2 | AG47: =G47*3+I47*2+K47*2+M47*2+Q47*3+S47*2+U47*2+W47*2+Y47*3+AA47*2+AC47*2+AE47*2 -> 2
C48: 會計軟體應用 | R48: 2 | S48: 2 | T48: 2 | U48: 2 | AF48: =F48*3+H48*2+J48*2+L48*2+P48*3+R48*2+T48*2+V48*2+X48*3+Z48*2+AB48*2+AD48*2 -> 8 | AG48: =G48*3+I48*2+K48*2+M48*2+Q48*3+S48*2+U48*2+W48*2+Y48*3+AA48*2+AC48*2+AE48*2 -> 8
C49: 商用會計初階 | V49: 3 | W49: 3 | AF49: =F49*3+H49*2+J49*2+L49*2+P49*3+R49*2+T49*2+V49*2+X49*3+Z49*2+AB49*2+AD49*2 -> 6 | AG49: =G49*3+I49*2+K49*2+M49*2+Q49*3+S49*2+U49*2+W49*2+Y49*3+AA49*2+AC49*2+AE49*2 -> 6
C50: 商用會計進階 | AD50: 3 | AE50: 3 | AF50: =AD50*2 -> 6 | AG50: =AE50*2 -> 6
C51: 行銷實務 | R51: 2 | S51: 2 | AF51: 4 | AG51: 4
C52: 商業溝通(支援資科商業溝通) | Y52: 2 | AA52: 2 | AF52: =X52*3 -> 0 | AG52: =Y52*2+AA52*2 -> 8
C53: 金融證券與投資實務 | Z53: 2 | AF53: =Z53*2 -> 4 | AG53: 0
C54: 專題實作 | Z54: 2 | AA54: 2 | AF54: =Z54*2 -> 4 | AG54: =AA54*2 -> 4
C55: 理財桌遊(AG選)9選1 | P55: 2 | R55: 2 | T55: 2 | V55: 2 | AF55: 2 | AG55: 0
C56: 會計資訊分析應用(AG選)9選1 | P56: 2 | R56: 2 | T56: 2 | V56: 2 | AF56: 2 | AG56: 0
C57: 財經新聞導讀(AM選)會英5選1 | S57: 2 | W57: 2 | AF57: =J57+R57 -> 0 | AG57: =K57+2 -> 2
C58: 生活萬萬稅(AM選)會英5選1 | S58: 2 | W58: 2 | AF58: 0 | AG58: 2
C59: 租稅申報實務(AI選)2選1 | R59: 1 | AF59: 1 | AG59: 0
C60: 財務報表分析(AI選)2選1 | R60: 1 | AF60: 1 | AG60: 0
C61: 金融實務(AJ選)2選1 | S61: 1 | AF61: 0 | AG61: 1
C62: 企業名人賞析(AJ選)2選1 | S62: 1 | AF62: 0 | AG62: 1
B63: 商經 | C63: 商業概論 | F63: 2 | G63: 2 | H63: 2 | I63: 2 | J63: 2 | K63: 2 | L63: 2 | M63: 2 | AF63: =F63*2+H63*2+J63*2+L63*2+P63*3+R63*2+T63*2+V63*2+X63*3+Z63*2+AB63*2+AD63*2 -> 16 | AG63: =G63*2+I63*2+K63*2+M63*2+Q63*3+S63*2+U63*2+W63*2+Y63*3+AA63*2+AC63*2+AE63*2 -> 16 | AH63: =SUM(AF63:AF81) -> 127 | AI63: =SUM(AG63:AG81) -> 127
C64: 經濟學 | P64: 4 | Q64: 4 | R64: 4 | S64: 4 | T64: 4 | U64: 4 | AF64: =F64*3+H64*2+J64*2+L64*2+P64*3+R64*2+T64*2+V64*2+X64*3+Z64*2+AB64*2+AD64*2 -> 28 | AG64: =G64*3+I64*2+K64*2+M64*2+Q64*3+S64*2+U64*2+W64*2+Y64*3+AA64*2+AC64*2+AE64*2 -> 28
C65: 經濟學初階 | V65: 3 | W65: 3 | AF65: =F65*3+H65*2+J65*2+L65*2+P65*3+R65*2+T65*2+V65*2+X65*3+Z65*2+AB65*2+AD65*2 -> 6 | AG65: =G65*3+I65*2+K65*2+M65*2+Q65*3+S65*2+U65*2+W65*2+Y65*3+AA65*2+AC65*2+AE65*2 -> 6
C66: 經濟學進階 | X66: 3 | Y66: 3 | Z66: 4 | AA66: 4 | AB66: 4 | AC66: 4 | AD66: 3 | AE66: 3 | AF66: =X66*3+Z66*2+AB66*2+AD66*2 -> 31 | AG66: =Y66*3+AA66*2+AC66*2+AE66*2 -> 31
C67: 商業經營管理 | X67: 2 | Y67: 2 | Z67: 2 | AA67: 2 | AB67: 2 | AC67: 2 | AD67: 2 | AE67: 2 | AF67: =F67*3+H67*2+J67*2+L67*2+P67*3+R67*2+T67*2+V67*2+X67*3+Z67*2+AB67*2+AD67*2 -> 18 | AG67: =G67*3+I67*2+K67*2+M67*2+Q67*3+S67*2+U67*2+W67*2+Y67*3+AA67*2+AC67*2+AE67*2 -> 18
C68: 門市經營實務 | H68: 2 | I68: 2 | J68: 2 | K68: 2 | AF68: =F68*3+H68*2+J68*2+L68*2+P68*3+R68*2+T68*2+V68*2+X68*3+Z68*2+AB68*2+AD68*2 -> 8 | AG68: =G68*3+I68*2+K68*2+M68*2+Q68*3+S68*2+U68*2+W68*2+Y68*3+AA68*2+AC68*2+AE68*2 -> 8
C69: 行銷實務 | T69: 2 | U69: 2 | AF69: =F69*3+H69*2+J69*2+L69*2+P69*3+R69*2+T69*2+V69*2+X69*3+Z69*2+AB69*2+AD69*2 -> 4 | AG69: =G69*3+I69*2+K69*2+M69*2+Q69*3+S69*2+U69*2+W69*2+Y69*3+AA69*2+AC69*2+AE69*2 -> 4
C70: 商業溝通 | AC70: 2 | AF70: =F70*3+H70*2+J70*2+L70*2+P70*3+R70*2+T70*2+V70*2+X70*3+Z70*2+AB70*2+AD70*2 -> 0 | AG70: =G70*3+I70*2+K70*2+M70*2+Q70*3+S70*2+U70*2+W70*2+Y70*3+AA70*2+AC70*2+AE70*2 -> 4
C71: 金融與證券投資實務 | AB71: 2 | AF71: =F71*3+H71*2+J71*2+L71*2+P71*3+R71*2+T71*2+V71*2+X71*3+Z71*2+AB71*2+AD71*2 -> 4 | AG71: =G71*3+I71*2+K71*2+M71*2+Q71*3+S71*2+U71*2+W71*2+Y71*3+AA71*2+AC71*2+AE71*2 -> 0
C72: 專題實作 | AB72: 2 | AC72: 2 | AF72: =F72*3+H72*2+J72*2+L72*2+P72*3+R72*2+T72*2+V72*2+X72*3+Z72*2+AB72*2+AD72*2 -> 4 | AG72: =G72*3+I72*2+K72*2+M72*2+Q72*3+S72*2+U72*2+W72*2+Y72*3+AA72*2+AC72*2+AE72*2 -> 4
C73: 電腦打字實務 | J73: 1 | K73: 1 | AF73: 2 | AG73: 2
C74: 商業禮儀(AO選)2選1 | T74: 1 | AF74: 1 | AG74: 0
C75: 財經新聞導讀(AO選)2選1 | T75: 1 | AF75: 1 | AG75: 0
C76: 創意企劃(AN選)2選1 | U76: 1 | AF76: 0 | AG76: 1
C77: 銷售實務(AN選)2選1 | U77: 1 | AF77: 0 | AG77: 1
C78: 策展行銷簡報實作(AE選)9選1 | P78: 2 | R78: 2 | T78: 2 | V78: 2 | AF78: 2 | AG78: 0
C79: 商業簡報實作(AE選)9選1 | P79: 2 | R79: 2 | T79: 2 | V79: 2 | AF79: 2 | AG79: 0
C80: 簡報進階應用(AP選)3選1 | U80: 2 | AF80: 0 | AG80: 2
C81: 文創商品巧手做(AP選)3選1 | U81: 2 | AF81: 0 | AG81: 2
B82: 資處 | C82: 資訊科技 | D82: 1 | E82: 1 | F82: 1 | G82: 1 | H82: 1 | I82: 1 | J82: 1 | K82: 1 | L82: 1 | M82: 1 | AF82: =F82*2+H82*2+J82*2+L82*2+P82*3+R82*2+T82*2+V82*2+X82*3+Z82*2+AB82*2+AD82*2+D82 -> 9 | AG82: =G82*2+I82*2+K82*2+M82*2+Q82*3+S82*2+U82*2+W82*2+Y82*3+AA82*2+AC82*2+AE82*2+E82 -> 9 | AH82: =SUM(AF82:AF103) -> 120 | AI82: =SUM(AG82:AG103) -> 115
C83: 數位科技概論 | F83: 2 | G83: 2 | H83: 2 | I83: 2 | J83: 2 | K83: 2 | L83: 2 | M83: 2 | AF83: =F83*2+H83*2+J83*2+L83*2+P83*3+R83*2+T83*2+V83*2+X83*3+Z83*2+AB83*2+AD83*2 -> 16 | AG83: =G83*2+I83*2+K83*2+M83*2+Q83*3+S83*2+U83*2+W83*2+Y83*3+AA83*2+AC83*2+AE83*2 -> 16
C84: 數位科技應用 | P84: 2 | Q84: 2 | R84: 2 | S84: 2 | T84: 2 | U84: 2 | V84: 2 | W84: 2 | AF84: =F84*3+H84*2+J84*2+L84*2+P84*2+R84*2+T84*2+V84*2+X84*3+Z84*2+AB84*2+AD84*2 -> 16 | AG84: =G84*3+I84*2+K84*2+M84*2+Q84*2+S84*2+U84*2+W84*2+Y84*3+AA84*2+AC84*2+AE84*2 -> 16
C85: 數位科技實務 | X85: 4 | Y85: 4 | Z85: 3 | AA85: 3 | AB85: 3 | AC85: 3 | AD85: 3 | AE85: 3 | AF85: =X85*3+Z85*2+AB85*2+AD85*2 -> 30 | AG85: =Y85*3+AA85*2+AC85*2+AE85*2 -> 30
C86: 程式語言與設計 | F86: 2 | G86: 2 | AF86: =F86*2+H86*2+J86*2+L86*2+P86*3+R86*2+T86*2+V86*2+X86*3+Z86*2+AB86*2+AD86*2 -> 4 | AG86: =G86*2+I86*2+K86*2+M86*2+Q86*3+S86*2+U86*2+W86*2+Y86*3+AA86*2+AC86*2+AE86*2 -> 4
C87: 多媒體製作與應用 | P87: 3 | Q87: 3 | AF87: =P87*2 -> 6 | AG87: =Q87*2 -> 6
C88: 資料庫應用 | X88: 2 | Y88: 2 | AF88: =F88*3+H88*2+J88*2+L88*2+P88*3+R88*2+T88*2+V88*2+X88*3+Z88*2+AB88*2+AD88*2 -> 6 | AG88: =G88*3+I88*2+K88*2+M88*2+Q88*3+S88*2+U88*2+W88*2+Y88*3+AA88*2+AC88*2+AE88*2 -> 6
C89: 專題實作 | Q89: 2 | X89: 2 | AF89: =F89*3+H89*2+J89*2+L89*2+P89*3+R89*2+T89*2+V89*2+X89*3+Z89*2+AB89*2+AD89*2 -> 6 | AG89: =G89*3+I89*2+K89*2+M89*2+Q89*2+S89*2+U89*2+W89*2+Y89*3+AA89*2+AC89*2+AE89*2 -> 4
C90: 中英文輸入實務 | F90: 1 | G90: 1 | AF90: =F90*2 -> 2 | AG90: =G90*2 -> 2
C91: 數位文件製作 | F91: 2 | G91: 2 | AF91: =F91*2+H91*2+J91*2+L91*2+P91*3+R91*2+T91*2+V91*2+X91*3+Z91*2+AB91*2+AD91*2 -> 4 | AG91: =G91*2+I91*2+K91*2+M91*2+Q91*3+S91*2+U91*2+W91*2+Y91*3+AA91*2+AC91*2+AE91*2 -> 4
C92: 外語文書處理實務 | L92: 2 | M92: 2 | AF92: =L92*2 -> 4 | AG92: =M92*2 -> 4
C93: 網頁設計實習(暫支援多媒科) | N93: 3 | AF93: 3 | AG93: 0
C94: 運算思維 | P94: 1 | Q94: 1 | Y94: 2 | AF94: =P94*2 -> 2 | AG94: =Y94*3+Q94*2 -> 8
C95: 程式語言實作(AB選)3選1 | P95: 2 | AF95: 2 | AG95: =G95*3+I95*2+K95*2+M95*2+Q95*3+S95*2+U95*2+W95*2+Y95*3+AA95*2+AC95*2+AE95*2 -> 0
C96: 數位媒體應用(AB選)3選1 | P96: 2 | AF96: 2 | AG96: 0
C97: App程式開發(AB選)3選1 | P97: 2 | AF97: 2 | AG97: 0
C98: 程式設計進階(AC選)3選1 | Q98: 2 | AF98: =F98*3+H98*2+J98*2+L98*2+P98*3+R98*2+T98*2+V98*2+X98*3+Z98*2+AB98*2+AD98*2 -> 0 | AG98: 2
C99: 雲端服務應用(AC選)3選1 | Q99: 2 | AF99: 0 | AG99: 2
C100: 網頁設計(AC選)3選1 | Q100: 2 | AF100: 0 | AG100: 2
...

Sheet 日114課程節數預估表
B1: 113學年度本校課程節數一覽表--日校 | G1: 適用課綱：112(高三)、113(高二)、114(高一)
B2: 教學 領域 | C2: 科 目 名 稱 | D2: 一 年 級 | N2: 二 年 級 | X2: 三 年 級 | AH2: 小 計 | AJ2: 各領域 總 計
D3: 多媒科 | F3: 資處科 | H3: 會計科 | J3: 商經科 | L3: 應英科 | N3: 多媒科 | P3: 資處科 | R3: 會計科 | T3: 商經科 | V3: 應英科 | X3: 多媒科 | Z3: 資處科 | AB3: 會計科 | AD3: 商經科 | AF3: 應英科
D4: 上 | E4: 下 | F4: 上 | G4: 下 | H4: 上 | I4: 下 | J4: 上 | K4: 下 | L4: 上 | M4: 下 | N4: 上 | O4: 下 | P4: 上 | Q4: 下 | R4: 上 | S4: 下 | T4: 上 | U4: 下 | V4: 上 | W4: 下 | X4: 上 | Y4: 下 | Z4: 上 | AA4: 下 | AB4: 上 | AC4: 下 | AD4: 上 | AE4: 下 | AF4: 上 | AG4: 下 | AH4: 上 | AI4: 下 | AJ4: 上 | AK4: 下
B5: 國文/ 社會 | C5: 國語文 | D5: 3 | E5: 3 | F5: 3 | G5: 3 | H5: 3 | I5: 3 | J5: 3 | K5: 3 | L5: 3 | M5: 3 | N5: 3 | O5: 3 | P5: 3 | Q5: 3 | R5: 3 | S5: 3 | T5: 3 | U5: 3 | V5: 3 | W5: 3 | X5: 2 | Y5: 2 | Z5: 2 | AA5: 2 | AB5: 2 | AC5: 2 | AD5: 2 | AE5: 2 | AF5: 2 | AG5: 2 | AH5: =F5*2+H5*2+J5*2+L5*2+P5*2+R5*2+T5*2+V5*2+Z5*2+AB5*2+AD5*2+AF5*2+D5+N5+X5 -> 72 | AI5: =G5*2+I5*2+K5*2+M5*2+Q5*2+S5*2+U5*2+W5*2+AA5*2+AC5*2+AE5*2+AG5*2+E5+O5+Y5 -> 72 | AJ5: =SUM(AH5:AH13) -> 126 | AK5: =SUM(AI5:AI13) -> 130
C6: 古典文學選讀 | D6: 1 | E6: 1 | F6: 1 | G6: 1 | H6: 1 | I6: 1 | J6: 1 | K6: 1 | L6: 1 | M6: 1 | AH6: =F6*2+H6*2+J6*2+L6*2+P6*3+R6*2+T6*2+V6*2+Z6*3+AB6*2+AD6*2+AF6*2+D6 -> 9 | AI6: =G6*2+I6*2+K6*2+M6*2+Q6*3+S6*2+U6*2+W6*2+AA6*3+AC6*2+AE6*2+AG6*2+E6 -> 9
C7: 跨領域趨勢閱讀 | X7: 1 | Y7: 1 | Z7: 1 | AA7: 1 | AB7: 1 | AC7: 1 | AD7: 1 | AE7: 1 | AF7: 1 | AG7: 1 | AH7: =F7*3+H7*2+J7*2+L7*2+P7*3+R7*2+T7*2+V7*2+Z7*2+AB7*2+AD7*2+AF7*2+X7 -> 9 | AI7: =G7*3+I7*2+K7*2+M7*2+Q7*3+S7*2+U7*2+W7*2+AA7*2+AC7*2+AE7*2+AG7*2+Y7 -> 9
C8: 現代詩文賞析 | N8: 1 | O8: 1 | P8: 1 | Q8: 1 | R8: 1 | S8: 1 | T8: 1 | U8: 1 | V8: 1 | W8: 1 | AH8: =P8*2+R8*2+T8*2+V8*2+Z8*3+AB8*2+AD8*2+AF8*2+N8 -> 9 | AI8: =Q8*2+S8*2+U8*2+W8*2+O8 -> 9
C9: 歷史(112起移至高三) | X9: 1 | Y9: 1 | Z9: 1 | AA9: 1 | AB9: 1 | AC9: 1 | AD9: 1 | AE9: 1 | AF9: 1 | AG9: 1 | AH9: =X9+Z9*2+AB9*2+AD9*2+AF9*2 -> 9 | AI9: =Y9+AA9*2+AC9*2+AE9*2+AG9*2 -> 9
C10: 地理(多.資.英112起移至高三) | R10: 1 | S10: 1 | T10: 1 | U10: 1 | X10: 1 | Y10: 1 | Z10: 1 | AA10: 1 | AF10: 1 | AG10: 1 | AH10: =P10*2+R10*2+T10*2+V10*2+N10+X10+Z10*2+AF10*2 -> 9 | AI10: =Q10*2+S10*2+U10*2+W10*2+O10+Y10+AA10*2+AG10*2 -> 9
C11: 公民與社會 | X11: 1 | Y11: 1 | Z11: 1 | AA11: 1 | AB11: 1 | AC11: 1 | AD11: 1 | AE11: 1 | AF11: 1 | AG11: 1 | AH11: =Z11*2+AB11*2+AD11*2+AF11*2+X11 -> 9 | AI11: =AA11*2+AC11*2+AE11*2+AG11*2+Y11 -> 9
C12: 說故事學行銷(AP選) 3選1 | U12: 2 | AH12: 0 | AI12: 2
C13: 人工智慧溝通入門(AM選) 5選1 | S13: 2 | W13: 2 | AH13: 0 | AI13: 2
B14: 英文 | C14: 英語文 | D14: 2 | E14: 2 | F14: 2 | G14: 2 | H14: 2 | I14: 2 | J14: 2 | K14: 2 | L14: 2 | M14: 2 | N14: 2 | O14: 2 | P14: 2 | Q14: 2 | R14: 2 | S14: 2 | T14: 2 | U14: 2 | V14: 2 | W14: 2 | X14: 2 | Y14: 2 | Z14: 2 | AA14: 2 | AB14: 2 | AC14: 2 | AD14: 2 | AE14: 2 | AF14: 2 | AG14: 2 | AH14: =F14*2+H14*2+J14*2+L14*2+P14*2+R14*2+T14*2+V14*2+Z14*2+AB14*2+AD14*2+AF14*2+D14+N14+X14 -> 54 | AI14: =G14*2+I14*2+K14*2+M14*2+Q14*2+S14*2+U14*2+W14*2+AA14*2+AC14*2+AE14*2+AG14*2+E14+O14+Y14 -> 54 | AJ14: =SUM(AH14:AH36)-2 -> 135 | AK14: =SUM(AI14:AI36) -> 129 | AN14: 上學期 | AO14: 下學期
C15: 生活英語會話 | D15: 1 | E15: 1 | F15: 1 | G15: 1 | H15: 1 | I15: 1 | J15: 1 | K15: 1 | AH15: =F15*2+H15*2+J15*2+D15 -> 7 | AI15: =G15*2+I15*2+K15*2+E15 -> 7 | AM15: 普通科節數 | AN15: =AH14+AH15+AH22+AH25 -> 89 | AO15: =AI14+AI15+AI22+AI25 -> 89
C16: 初階英語聽講練習 | L16: 2 | M16: 2 | AH16: =F16*3+H16*2+J16*2+L16*2+P16*3+R16*2+T16*2+V16*2+Z16*3+AB16*2+AD16*2+AF16*2 -> 4 | AI16: =G16*3+I16*2+K16*2+M16*2+Q16*3+S16*2+U16*2+W16*2+AA16*3+AC16*2+AE16*2+AG16*2 -> 4 | AM16: 應用英語科節數 | AN16: =AJ14-AN15 -> 46 | AO16: =AK14-AO15 -> 40
C17: 初階英文閱讀與寫作練習 | L17: 2 | M17: 2 | AH17: =F17*3+H17*2+J17*2+L17*2+P17*3+R17*2+T17*2+V17*2+Z17*3+AB17*2+AD17*2+AF17*2 -> 4 | AI17: =G17*3+I17*2+K17*2+M17*2+Q17*3+S17*2+U17*2+W17*2+AA17*3+AC17*2+AE17*2+AG17*2 -> 4
C18: 中階英語聽講練習 | V18: 2 | W18: 2 | AH18: =F18*3+H18*2+J18*2+L18*2+P18*3+R18*2+T18*2+V18*2+Z18*3+AB18*2+AD18*2+AF18*2 -> 4 | AI18: =G18*3+I18*2+K18*2+M18*2+Q18*3+S18*2+U18*2+W18*2+AA18*3+AC18*2+AE18*2+AG18*2 -> 4
C19: 中階英文閱讀與寫作練習 | V19: 2 | W19: 2 | AH19: =F19*3+H19*2+J19*2+L19*2+P19*3+R19*2+T19*2+V19*2+Z19*3+AB19*2+AD19*2+AF19*2 -> 4 | AI19: =G19*3+I19*2+K19*2+M19*2+Q19*3+S19*2+U19*2+W19*2+AA19*3+AC19*2+AE19*2+AG19*2 -> 4
C20: 高階英語聽講練習 | AF20: 2 | AG20: 2 | AH20: =F20*3+H20*2+J20*2+L20*2+P20*3+R20*2+T20*2+V20*2+Z20*3+AB20*2+AD20*2+AF20*2 -> 4 | AI20: =G20*3+I20*2+K20*2+M20*2+Q20*3+S20*2+U20*2+W20*2+AA20*3+AC20*2+AE20*2+AG20*2 -> 4
C21: 高階英文閱讀與寫作練習 | AF21: 2 | AG21: 2 | AH21: =F21*3+H21*2+J21*2+L21*2+P21*3+R21*2+T21*2+V21*2+Z21*3+AB21*2+AD21*2+AF21*2 -> 4 | AI21: =G21*3+I21*2+K21*2+M21*2+Q21*3+S21*2+U21*2+W21*2+AA21*3+AC21*2+AE21*2+AG21*2 -> 4
C22: 基礎英文閱讀與寫作 | N22: 2 | O22: 2 | P22: 2 | Q22: 2 | R22: 2 | S22: 2 | T22: 2 | U22: 2 | AH22: =P22*2+R22*2+T22*2+N22 -> 14 | AI22: =Q22*2+S22*2+U22*2+O22 -> 14
C23: 英文商業書信寫作 | AF23: 1 | AG23: 1 | AH23: =F23*3+H23*2+J23*2+L23*2+P23*3+R23*2+T23*2+V23*2+Z23*3+AB23*2+AD23*2+AF23*2 -> 2 | AI23: =G23*3+I23*2+K23*2+M23*2+Q23*3+S23*2+U23*2+W23*2+AA23*3+AC23*2+AE23*2+AG23*2 -> 2
C24: 英美文學作品賞析 | V24: 1 | AH24: =F24*3+H24*2+J24*2+L24*2+P24*3+R24*2+T24*2+V24*2+Z24*3+AB24*2+AD24*2+AF24*2 -> 2 | AI24: =G24*3+I24*2+K24*2+M24*2+Q24*3+S24*2+U24*2+W24*2+AA24*3+AC24*2+AE24*2+AG24*2 -> 0
C25: 趣味英文閱讀 | X25: 2 | Y25: 2 | Z25: 2 | AA25: 2 | AB25: 2 | AC25: 2 | AD25: 2 | AE25: 2 | AH25: =Z25*2+X25+AB25*2+AD25*2 -> 14 | AI25: =AA25*2+Y25+AC25*2+AE25*2 -> 14
C26: 新聞英文導讀 | V26: 1 | AH26: =V26*2 -> 2 | AI26: 0
C27: 專題實作 | W27: 2 | AF27: 2 | AH27: =AF27*2 -> 4 | AI27: =AG27*2+W27*2 -> 4
C28: 外語簡報實務 | V28: 2 | W28: 2 | AH28: =V28*2 -> 4 | AI28: =W28*2 -> 4
C29: 實用英文表達(AM選)5選1 | S29: 2 | W29: 2 | AH29: =F29*3+H29*2+J29*2+L29*2+P29*3+R29*2+T29*2+V29*2+Z29*3+AB29*2+AD29*2+AF29*2 -> 0 | AI29: 2
C30: 英語導覽(AL選)9選1 | P30: 2 | R30: 2 | T30: 2 | V30: 2 | AH30: 2 | AI30: 0
C31: 英語多媒體口說練習(AL選)9選1 | P31: 2 | R31: 2 | T31: 2 | V31: 2 | AH31: 2 | AI31: 0
C32: 繪本製作(AJ選)3選1 | V32: 2 | AH32: 2 | AI32: =G32*3+I32*2+K32*2+M32*2+Q32*3+S32*2+U32*2+W32*2+AA32*3+AC32*2+AE32*2+AG32*2 -> 0
C33: 英語電影欣賞與討論(AJ選)3選1 | V33: 2 | AH33: 2 | AI33: 0
C34: 職場英語情境練習(AJ選)3選1 | V34: 2 | AH34: 2 | AI34: 0
C35: 觀光餐旅英語(AG選)2選1 | AG35: 2 | AH35: =AF35*2 -> 0 | AI35: 2
C36: 中英翻譯練習(AG選)2選1 | AG36: 2 | AH36: 0 | AI36: 2
B37: 數學/自然 | C37: 數學 | D37: 3 | E37: 3 | F37: 3 | G37: 3 | H37: 3 | I37: 3 | J37: 3 | K37: 3 | L37: 3 | M37: 3 | N37: 3 | O37: 3 | P37: 3 | Q37: 3 | R37: 3 | S37: 3 | T37: 3 | U37: 3 | V37: 3 | W37: 3 | AH37: =F37*2+H37*2+J37*2+L37*2+P37*3+R37*2+T37*2+V37*2+Z37*3+AB37*2+AD37*2+AF37*2+D37 -> 54 | AI37: =G37*2+I37*2+K37*2+M37*2+Q37*3+S37*2+U37*2+W37*2+AA37*3+AC37*2+AE37*2+AG37*2+E37 -> 54 | AJ37: =SUM(AH37:AH40) -> 90 | AK37: =SUM(AI37:AI40) -> 92
C38: 數學演習(移至高三) | X38: 1 | Y38: 1 | Z38: 1 | AA38: 1 | AB38: 1 | AC38: 1 | AD38: 1 | AE38: 1 | AF38: 1 | AG38: 1 | AH38: =F38*3+H38*2+J38*2+L38*2+P38*3+R38*2+T38*2+V38*2+Z38*3+AB38*2+AD38*2+AF38*2 -> 9 | AI38: =G38*3+I38*2+K38*2+M38*2+Q38*3+S38*2+U38*2+W38*2+AA38*3+AC38*2+AE38*2+AG38*2 -> 9
C39: 數學應用 | X39: 3 | Y39: 3 | Z39: 3 | AA39: 3 | AB39: 3 | AC39: 3 | AD39: 3 | AE39: 3 | AF39: 3 | AG39: 3 | AH39: =F39*3+H39*2+J39*2+L39*2+P39*3+R39*2+T39*2+V39*2+Z39*3+AB39*2+AD39*2+AF39*2 -> 27 | AI39: =G39*3+I39*2+K39*2+M39*2+Q39*3+S39*2+U39*2+W39*2+AA39*3+AC39*2+AE39*2+AG39*2 -> 27
C40: 趣味數學與遊戲(AM選) 5選1 | S40: 2 | W40: 2 | AH40: 0 | AI40: 2
C41: 物理 | D41: 2 | F41: 2 | H41: 2 | J41: 2 | L41: 2 | AH41: =F41*2+H41*2+J41*2+L41*2+P41*3+R41*2+T41*2+V41*2+Z41*3+AB41*2+AD41*2+AF41*2+D41 -> 18 | AI41: =G41*3+I41*2+K41*2+M41*2+Q41*3+S41*2+U41*2+W41*2+AA41*3+AC41*2+AE41*2+AG41*2 -> 0 | AJ41: =SUM(AH41:AH43) -> 18 | AK41: =AI43+AI42 -> 18
C42: 化學 | E42: 1 | G42: 1 | I42: 1 | K42: 1 | M42: 1 | AH42: 0 | AI42: 9
C43: 生物 | E43: 1 | G43: 1 | I43: 1 | K43: 1 | M43: 1 | AH43: =F43*3+H43*2+J43*2+L43*2+P43*3+R43*2+T43*2+V43*2+Z43*3+AB43*2+AD43*2+AF43*2 -> 0 | AI43: =G43*3+I43*2+K43*2+M43*2+Q43*3+S43*2+U43*2+W43*2+AA43*3+AC43*2+AE43*2+AG43*2 -> 9
B44: 會計 | C44: 會計學 | F44: 3 | G44: 3 | H44: 3 | I44: 3 | J44: 3 | K44: 3 | L44: 3 | M44: 3 | P44: 2 | Q44: 2 | R44: 2 | S44: 2 | T44: 2 | U44: 2 | AH44: =F44*2+H44*2+J44*2+L44*2+P44*2+R44*2+T44*2+V44*2+Z44*3+AB44*2+AD44*2+AF44*2 -> 36 | AI44: =G44*2+I44*2+K44*2+M44*2+Q44*2+S44*2+U44*2+W44*2+AA44*3+AC44*2+AE44*2+AG44*2 -> 36 | AJ44: =SUM(AH44:AH62) -> 114 | AK44: =SUM(AI44:AI62) -> 114
C45: 會計實務 | P45: 1 | Q45: 1 | R45: 1 | S45: 1 | T45: 1 | U45: 1 | Z45: 3 | AA45: 3 | AB45: 4 | AC45: 4 | AD45: 4 | AE45: 4 | AH45: =F45*3+H45*2+J45*2+L45*2+P45*2+R45*2+T45*2+V45*2+Z45*2+AB45*2+AD45*2+AF45*2 -> 28 | AI45: =G45*3+I45*2+K45*2+M45*2+Q45*2+S45*2+U45*2+W45*2+AA45*2+AC45*2+AE45*2+AG45*2 -> 28
C46: 記帳實作 | H46: 2 | I46: 2 | J46: 2 | K46: 2 | AH46: =F46*3+H46*2+J46*2+L46*2+P46*3+R46*2+T46*2+V46*2+Z46*3+AB46*2+AD46*2+AF46*2 -> 8 | AI46: =G46*3+I46*2+K46*2+M46*2+Q46*3+S46*2+U46*2+W46*2+AA46*3+AC46*2+AE46*2+AG46*2 -> 8
C47: 理財生活 | H47: 1 | I47: 1 | AH47: =F47*3+H47*2+J47*2+L47*2+P47*3+R47*2+T47*2+V47*2+Z47*3+AB47*2+AD47*2+AF47*2 -> 2 | AI47: =G47*3+I47*2+K47*2+M47*2+Q47*3+S47*2+U47*2+W47*2+AA47*3+AC47*2+AE47*2+AG47*2 -> 2
C48: 會計軟體應用 | R48: 2 | S48: 2 | T48: 2 | U48: 2 | AH48: =F48*3+H48*2+J48*2+L48*2+P48*3+R48*2+T48*2+V48*2+Z48*3+AB48*2+AD48*2+AF48*2 -> 8 | AI48: =G48*3+I48*2+K48*2+M48*2+Q48*3+S48*2+U48*2+W48*2+AA48*3+AC48*2+AE48*2+AG48*2 -> 8
C49: 商用會計初階 | V49: 3 | W49: 3 | AH49: =F49*3+H49*2+J49*2+L49*2+P49*3+R49*2+T49*2+V49*2+Z49*3+AB49*2+AD49*2+AF49*2 -> 6 | AI49: =G49*3+I49*2+K49*2+M49*2+Q49*3+S49*2+U49*2+W49*2+AA49*3+AC49*2+AE49*2+AG49*2 -> 6
C50: 商用會計進階 | AF50: 3 | AG50: 3 | AH50: =AF50*2 -> 6 | AI50: =AG50*2 -> 6
C51: 行銷實務 | R51: 2 | S51: 2 | AH51: 4 | AI51: 4
C52: 商業溝通 | Z52: 1 | AA52: 1 | AC52: 2 | AH52: =Z52*2 -> 2 | AI52: =AA52*2+AC52*2 -> 6
C53: 金融證券與投資實務 | AB53: 2 | AH53: =AB53*2 -> 4 | AI53: 0
C54: 專題實作 | AB54: 2 | AC54: 2 | AH54: =AB54*2 -> 4 | AI54: =AC54*2 -> 4
C55: 理財桌遊(AG選)9選1 | P55: 2 | R55: 2 | T55: 2 | V55: 2 | AH55: 2 | AI55: 0
C56: 會計資訊分析應用(AG選)9選1 | P56: 2 | R56: 2 | T56: 2 | V56: 2 | AH56: 2 | AI56: 0
C57: 財經新聞導讀(AM選)會英5選1 | S57: 2 | W57: 2 | AH57: =J57+R57 -> 0 | AI57: =K57+2 -> 2
C58: 生活萬萬稅(AM選)會英5選1 | S58: 2 | W58: 2 | AH58: 0 | AI58: 2
C59: 租稅申報實務(AI選)2選1 | R59: 1 | AH59: 1 | AI59: 0
C60: 財務報表分析(AI選)2選1 | R60: 1 | AH60: 1 | AI60: 0
C61: 金融實務(AJ選)2選1 | S61: 1 | AH61: 0 | AI61: 1
C62: 企業名人賞析(AJ選)2選1 | S62: 1 | AH62: 0 | AI62: 1
B63: 商經 | C63: 商業概論 | F63: 2 | G63: 2 | H63: 2 | I63: 2 | J63: 2 | K63: 2 | L63: 2 | M63: 2 | AH63: =F63*2+H63*2+J63*2+L63*2+P63*3+R63*2+T63*2+V63*2+Z63*3+AB63*2+AD63*2+AF63*2 -> 16 | AI63: =G63*2+I63*2+K63*2+M63*2+Q63*3+S63*2+U63*2+W63*2+AA63*3+AC63*2+AE63*2+AG63*2 -> 16 | AJ63: =SUM(AH63:AH81) -> 122 | AK63: =SUM(AI63:AI81) -> 122
C64: 經濟學 | P64: 4 | Q64: 4 | R64: 4 | S64: 4 | T64: 4 | U64: 4 | AH64: =F64*3+H64*2+J64*2+L64*2+P64*3+R64*2+T64*2+V64*2+Z64*3+AB64*2+AD64*2+AF64*2 -> 28 | AI64: =G64*3+I64*2+K64*2+M64*2+Q64*3+S64*2+U64*2+W64*2+AA64*3+AC64*2+AE64*2+AG64*2 -> 28
C65: 經濟學初階 | V65: 3 | W65: 3 | AH65: =F65*3+H65*2+J65*2+L65*2+P65*3+R65*2+T65*2+V65*2+Z65*3+AB65*2+AD65*2+AF65*2 -> 6 | AI65: =G65*3+I65*2+K65*2+M65*2+Q65*3+S65*2+U65*2+W65*2+AA65*3+AC65*2+AE65*2+AG65*2 -> 6
C66: 經濟學進階 | Z66: 3 | AA66: 3 | AB66: 4 | AC66: 4 | AD66: 4 | AE66: 4 | AF66: 3 | AG66: 3 | AH66: =Z66*2+AB66*2+AD66*2+AF66*2 -> 28 | AI66: =AA66*2+AC66*2+AE66*2+AG66*2 -> 28
C67: 商業經營管理 | Z67: 2 | AA67: 2 | AB67: 2 | AC67: 2 | AD67: 2 | AE67: 2 | AF67: 2 | AG67: 2 | AH67: =F67*2+H67*2+J67*2+L67*2+P67*3+R67*2+T67*2+V67*2+Z67*2+AB67*2+AD67*2+AF67*2 -> 16 | AI67: =G67*2+I67*2+K67*2+M67*2+Q67*3+S67*2+U67*2+W67*2+AA67*2+AC67*2+AE67*2+AG67*2 -> 16
C68: 門市經營實務 | H68: 2 | I68: 2 | J68: 2 | K68: 2 | AH68: =F68*3+H68*2+J68*2+L68*2+P68*3+R68*2+T68*2+V68*2+Z68*3+AB68*2+AD68*2+AF68*2 -> 8 | AI68: =G68*3+I68*2+K68*2+M68*2+Q68*3+S68*2+U68*2+W68*2+AA68*3+AC68*2+AE68*2+AG68*2 -> 8
C69: 行銷實務 | T69: 2 | U69: 2 | AH69: =F69*3+H69*2+J69*2+L69*2+P69*3+R69*2+T69*2+V69*2+Z69*3+AB69*2+AD69*2+AF69*2 -> 4 | AI69: =G69*3+I69*2+K69*2+M69*2+Q69*3+S69*2+U69*2+W69*2+AA69*3+AC69*2+AE69*2+AG69*2 -> 4
C70: 商業溝通 | AE70: 2 | AH70: =F70*3+H70*2+J70*2+L70*2+P70*3+R70*2+T70*2+V70*2+Z70*3+AB70*2+AD70*2+AF70*2 -> 0 | AI70: =G70*3+I70*2+K70*2+M70*2+Q70*3+S70*2+U70*2+W70*2+AA70*3+AC70*2+AE70*2+AG70*2 -> 4
C71: 金融與證券投資實務 | AD71: 2 | AH71: =F71*3+H71*2+J71*2+L71*2+P71*3+R71*2+T71*2+V71*2+Z71*3+AB71*2+AD71*2+AF71*2 -> 4 | AI71: =G71*3+I71*2+K71*2+M71*2+Q71*3+S71*2+U71*2+W71*2+AA71*3+AC71*2+AE71*2+AG71*2 -> 0
C72: 專題實作 | AD72: 2 | AE72: 2 | AH72: =F72*3+H72*2+J72*2+L72*2+P72*3+R72*2+T72*2+V72*2+Z72*3+AB72*2+AD72*2+AF72*2 -> 4 | AI72: =G72*3+I72*2+K72*2+M72*2+Q72*3+S72*2+U72*2+W72*2+AA72*3+AC72*2+AE72*2+AG72*2 -> 4
C73: 電腦打字實務 | J73: 1 | K73: 1 | AH73: 2 | AI73: 2
C74: 商業禮儀(AO選)2選1 | T74: 1 | AH74: 1 | AI74: 0
C75: 財經新聞導讀(AO選)2選1 | T75: 1 | AH75: 1 | AI75: 0
C76: 創意企劃(AN選)2選1 | U76: 1 | AH76: 0 | AI76: 1
C77: 銷售實務(AN選)2選1 | U77: 1 | AH77: 0 | AI77: 1
C78: 策展行銷簡報實作(AE選)9選1 | P78: 2 | R78: 2 | T78: 2 | V78: 2 | AH78: 2 | AI78: 0
C79: 商業簡報實作(AE選)9選1 | P79: 2 | R79: 2 | T79: 2 | V79: 2 | AH79: 2 | AI79: 0
C80: 簡報進階應用(AP選)3選1 | U80: 2 | AH80: 0 | AI80: 2
C81: 文創商品巧手做(AP選)3選1 | U81: 2 | AH81: 0 | AI81: 2
B82: 資處 | C82: 資訊科技 | D82: 1 | E82: 1 | F82: 1 | G82: 1 | H82: 1 | I82: 1 | J82: 1 | K82: 1 | L82: 1 | M82: 1 | AH82: =F82*2+H82*2+J82*2+L82*2+P82*3+R82*2+T82*2+V82*2+Z82*3+AB82*2+AD82*2+AF82*2+D82 -> 9 | AI82: =G82*2+I82*2+K82*2+M82*2+Q82*3+S82*2+U82*2+W82*2+AA82*3+AC82*2+AE82*2+AG82*2+E82 -> 9 | AJ82: =SUM(AH82:AH102) -> 109 | AK82: =SUM(AI82:AI102) -> 103
C83: 數位科技概論 | F83: 2 | G83: 2 | H83: 2 | I83: 2 | J83: 2 | K83: 2 | L83: 2 | M83: 2 | AH83: =F83*2+H83*2+J83*2+L83*2+P83*3+R83*2+T83*2+V83*2+Z83*3+AB83*2+AD83*2+AF83*2 -> 16 | AI83: =G83*2+I83*2+K83*2+M83*2+Q83*3+S83*2+U83*2+W83*2+AA83*3+AC83*2+AE83*2+AG83*2 -> 16
C84: 數位科技應用 | P84: 2 | Q84: 2 | R84: 2 | S84: 2 | T84: 2 | U84: 2 | V84: 2 | W84: 2 | AH84: =F84*3+H84*2+J84*2+L84*2+P84*2+R84*2+T84*2+V84*2+Z84*3+AB84*2+AD84*2+AF84*2 -> 16 | AI84: =G84*3+I84*2+K84*2+M84*2+Q84*2+S84*2+U84*2+W84*2+AA84*3+AC84*2+AE84*2+AG84*2 -> 16
C85: 數位科技實務 | Z85: 4 | AA85: 4 | AB85: 3 | AC85: 3 | AD85: 3 | AE85: 3 | AF85: 3 | AG85: 3 | AH85: =Z85*2+AB85*2+AD85*2+AF85*2 -> 26 | AI85: =AA85*2+AC85*2+AE85*2+AG85*2 -> 26
C86: 程式語言與設計 | F86: 2 | G86: 2 | AH86: =F86*2+H86*2+J86*2+L86*2+P86*3+R86*2+T86*2+V86*2+Z86*3+AB86*2+AD86*2+AF86*2 -> 4 | AI86: =G86*2+I86*2+K86*2+M86*2+Q86*3+S86*2+U86*2+W86*2+AA86*3+AC86*2+AE86*2+AG86*2 -> 4
C87: 多媒體製作與應用 | P87: 3 | Q87: 3 | AH87: =P87*2 -> 6 | AI87: =Q87*2 -> 6
C88: 資料庫應用 | Z88: 2 | AA88: 2 | AH88: =F88*2+H88*2+J88*2+L88*2+P88*3+R88*2+T88*2+V88*2+Z88*2+AB88*2+AD88*2+AF88*2 -> 4 | AI88: =G88*3+I88*2+K88*2+M88*2+Q88*3+S88*2+U88*2+W88*2+AA88*2+AC88*2+AE88*2+AG88*2 -> 4
C89: 專題實作 | Q89: 2 | Z89: 2 | AH89: =F89*3+H89*2+J89*2+L89*2+P89*3+R89*2+T89*2+V89*2+Z89*2+AB89*2+AD89*2+AF89*2 -> 4 | AI89: =G89*3+I89*2+K89*2+M89*2+Q89*2+S89*2+U89*2+W89*2+AA89*3+AC89*2+AE89*2+AG89*2 -> 4
C90: 中英文輸入實務 | F90: 1 | G90: 1 | AH90: =F90*2 -> 2 | AI90: =G90*2 -> 2
C91: 數位文件製作 | F91: 2 | G91: 2 | AH91: =F91*2+H91*2+J91*2+L91*2+P91*3+R91*2+T91*2+V91*2+Z91*3+AB91*2+AD91*2+AF91*2 -> 4 | AI91: =G91*2+I91*2+K91*2+M91*2+Q91*3+S91*2+U91*2+W91*2+AA91*3+AC91*2+AE91*2+AG91*2 -> 4
C92: 外語文書處理實務 | L92: 2 | M92: 2 | AH92: =L92*2 -> 4 | AI92: =M92*2 -> 4
C93: 運算思維 | P93: 1 | Q93: 1 | AH93: =P93*2 -> 2 | AI93: =AA93*3+Q93*2 -> 2
C94: 程式語言實作(AB選)3選1 | P94: 2 | AH94: 2 | AI94: =G94*3+I94*2+K94*2+M94*2+Q94*3+S94*2+U94*2+W94*2+AA94*3+AC94*2+AE94*2+AG94*2 -> 0
C95: 數位媒體應用(AB選)3選1 | P95: 2 | AH95: 2 | AI95: 0
C96: App程式開發(AB選)3選1 | P96: 2 | AH96: 2 | AI96: 0
C97: 程式設計進階(AC選)3選1 | Q97: 2 | AH97: =F97*3+H97*2+J97*2+L97*2+P97*3+R97*2+T97*2+V97*2+Z97*3+AB97*2+AD97*2+AF97*2 -> 0 | AI97: 2
C98: 雲端服務應用(AC選)3選1 | Q98: 2 | AH98: 0 | AI98: 2
C99: 網頁設計(AC選)3選1 | Q99: 2 | AH99: 0 | AI99: 2
C100: 物聯網實務(AD選)9選1 | P100: 2 | R100: 2 | T100: 2 | V100: 2 | AH100: 2 | AI100: 0
...

Sheet 112課程節數一覽表(商經科修改，橙色底深紅字)
B1: 112學年度本校課程節數一覽表--日校
B2: 教學 領域 | C2: 科 目 名 稱 | D2: 一 年 級 | N2: 二 年 級 | V2: 三 年 級 | AD2: 小 計 | AF2: 各領域 總 計
D3: 資處科 | F3: 會計科 | H3: 商經科 | J3: 應外科 | L3: 多媒科 | N3: 資處科 | P3: 會計科 | R3: 商經科 | T3: 應外科 | V3: 資處科 | X3: 會計科 | Z3: 商經科 | AB3: 應外科
D4: 上 | E4: 下 | F4: 上 | G4: 下 | H4: 上 | I4: 下 | J4: 上 | K4: 下 | L4: 上 | M4: 下 | N4: 上 | O4: 下 | P4: 上 | Q4: 下 | R4: 上 | S4: 下 | T4: 上 | U4: 下 | V4: 上 | W4: 下 | X4: 上 | Y4: 下 | Z4: 上 | AA4: 下 | AB4: 上 | AC4: 下 | AD4: 上 | AE4: 下 | AF4: 上 | AG4: 下
B5: 國文/ 社會 | C5: 國語文 | D5: 3 | E5: 3 | F5: 3 | G5: 3 | H5: 3 | I5: 3 | J5: 3 | K5: 3 | L5: 3 | M5: 3 | N5: 3 | O5: 3 | P5: 3 | Q5: 3 | R5: 3 | S5: 3 | T5: 3 | U5: 3 | V5: 2 | W5: 2 | X5: 2 | Y5: 2 | Z5: 2 | AA5: 2 | AB5: 2 | AC5: 2 | AD5: =D5*2+F5*2+H5*2+J5*2+N5*3+P5*2+R5*2+T5*2+V5*3+X5*2+Z5*2+AB5*2+L5 -> 72 | AE5: =E5*2+G5*2+I5*2+K5*2+O5*3+Q5*2+S5*2+U5*2+W5*3+Y5*2+AA5*2+AC5*2+M5 -> 72 | AF5: =SUM(AD5:AD14) -> 127 | AG5: =SUM(AE5:AE14) -> 131
C6: 古典文學選讀 | D6: 1 | E6: 1 | F6: 1 | G6: 1 | H6: 1 | I6: 1 | J6: 1 | K6: 1 | L6: 1 | M6: 1 | AD6: =D6*2+F6*2+H6*2+J6*2+N6*3+P6*2+R6*2+T6*2+V6*3+X6*2+Z6*2+AB6*2+L6 -> 9 | AE6: =E6*2+G6*2+I6*2+K6*2+O6*3+Q6*2+S6*2+U6*2+W6*3+Y6*2+AA6*2+AC6*2+M6 -> 9
C7: 紅樓夢飲食文化(AG選) 4選1 | S7: 2 | AD7: =D7*3+F7*2+H7*2+J7*2+N7*3+P7*2+R7*2+T7*2+V7*3+X7*2+Z7*2+AB7*2 -> 0 | AE7: 2
C8: 中國小說選 | V8: 1 | W8: 1 | X8: 1 | Y8: 1 | Z8: 1 | AA8: 1 | AB8: 1 | AC8: 1 | AD8: =D8*3+F8*2+H8*2+J8*2+N8*3+P8*2+R8*2+T8*2+V8*3+X8*2+Z8*2+AB8*2 -> 9 | AE8: =E8*3+G8*2+I8*2+K8*2+O8*3+Q8*2+S8*2+U8*2+W8*3+Y8*2+AA8*2+AC8*2 -> 9
C9: 閱讀趨勢理解時尚(AN選) 5選1 | Q9: 2 | U9: 2 | AD9: =D9*3+F9*2+H9*2+J9*2+N9*3+P9*2+R9*2+T9*2+V9*3+X9*2+Z9*2+AB9*2 -> 0 | AE9: 2
C10: 現代詩文賞析 | N10: 1 | O10: 1 | P10: 1 | Q10: 1 | R10: 1 | S10: 1 | T10: 1 | U10: 1 | AD10: =D10*3+F10*2+H10*2+J10*2+N10*3+P10*2+R10*2+T10*2+V10*3+X10*2+Z10*2+AB10*2 -> 9 | AE10: =E10*3+G10*2+I10*2+K10*2+O10*3+Q10*2+S10*2+U10*2+W10*3+Y10*2+AA10*2+AC10*2 -> 9
C11: 歷史 | N11: 1 | O11: 1 | P11: 1 | Q11: 1 | R11: 1 | S11: 1 | T11: 1 | U11: 1 | AD11: =D11*3+F11*2+H11*2+J11*2+N11*3+P11*2+R11*2+T11*2+V11*3+X11*2+Z11*2+AB11*2 -> 9 | AE11: =E11*3+G11*2+I11*2+K11*2+O11*3+Q11*2+S11*2+U11*2+W11*3+Y11*2+AA11*2+AC11*2 -> 9
C12: 地理 | N12: 1 | O12: 1 | P12: 1 | Q12: 1 | R12: 1 | S12: 1 | T12: 1 | U12: 1 | AD12: =D12*3+F12*2+H12*2+J12*2+N12*3+P12*2+R12*2+T12*2+V12*3+X12*2+Z12*2+AB12*2 -> 9 | AE12: =E12*3+G12*2+I12*2+K12*2+O12*3+Q12*2+S12*2+U12*2+W12*3+Y12*2+AA12*2+AC12*2 -> 9
C13: 國學萬花筒(彈性補強) | AD13: 1 | AE13: 1
C14: 公民與社會 | V14: 1 | W14: 1 | X14: 1 | Y14: 1 | Z14: 1 | AA14: 1 | AB14: 1 | AC14: 1 | AD14: =D14*3+F14*2+H14*2+J14*2+N14*3+P14*2+R14*2+T14*2+V14*3+X14*2+Z14*2+AB14*2 -> 9 | AE14: =E14*3+G14*2+I14*2+K14*2+O14*3+Q14*2+S14*2+U14*2+W14*3+Y14*2+AA14*2+AC14*2 -> 9
B15: 英文 | C15: 英語文 | D15: 2 | E15: 2 | F15: 2 | G15: 2 | H15: 2 | I15: 2 | J15: 2 | K15: 2 | L15: 2 | M15: 2 | N15: 2 | O15: 2 | P15: 2 | Q15: 2 | R15: 2 | S15: 2 | T15: 2 | U15: 2 | V15: 2 | W15: 2 | X15: 2 | Y15: 2 | Z15: 2 | AA15: 2 | AB15: 2 | AC15: 2 | AD15: =D15*2+F15*2+H15*2+J15*2+N15*3+P15*2+R15*2+T15*2+V15*3+X15*2+Z15*2+AB15*2+L15 -> 54 | AE15: =E15*2+G15*2+I15*2+K15*2+O15*3+Q15*2+S15*2+U15*2+W15*3+Y15*2+AA15*2+AC15*2+M15 -> 54 | AF15: =SUM(AD15:AD41) -> 140 | AG15: =SUM(AE15:AE41) -> 138
C16: 生活英語會話 | D16: 1 | E16: 1 | F16: 1 | G16: 1 | H16: 1 | I16: 1 | L16: 1 | M16: 1 | AD16: =D16*2+F16*2+H16*2+J16*2+N16*3+P16*2+R16*2+T16*2+V16*3+X16*2+Z16*2+AB16*2+L16 -> 7 | AE16: =E16*2+G16*2+I16*2+K16*2+O16*3+Q16*2+S16*2+U16*2+W16*3+Y16*2+AA16*2+AC16*2+M16 -> 7
C17: 初階英語聽講練習 | J17: 2 | K17: 2 | AD17: =D17*3+F17*2+H17*2+J17*2+N17*3+P17*2+R17*2+T17*2+V17*3+X17*2+Z17*2+AB17*2 -> 4 | AE17: =E17*3+G17*2+I17*2+K17*2+O17*3+Q17*2+S17*2+U17*2+W17*3+Y17*2+AA17*2+AC17*2 -> 4
C18: 初階英文閱讀與寫作練習 | J18: 2 | K18: 2 | AD18: =D18*3+F18*2+H18*2+J18*2+N18*3+P18*2+R18*2+T18*2+V18*3+X18*2+Z18*2+AB18*2 -> 4 | AE18: =E18*3+G18*2+I18*2+K18*2+O18*3+Q18*2+S18*2+U18*2+W18*3+Y18*2+AA18*2+AC18*2 -> 4
C19: 中階英語聽講練習 | T19: 2 | U19: 2 | AD19: =D19*3+F19*2+H19*2+J19*2+N19*3+P19*2+R19*2+T19*2+V19*3+X19*2+Z19*2+AB19*2 -> 4 | AE19: =E19*3+G19*2+I19*2+K19*2+O19*3+Q19*2+S19*2+U19*2+W19*3+Y19*2+AA19*2+AC19*2 -> 4
C20: 中階英文閱讀與寫作練習 | T20: 2 | U20: 2 | AD20: =D20*3+F20*2+H20*2+J20*2+N20*3+P20*2+R20*2+T20*2+V20*3+X20*2+Z20*2+AB20*2 -> 4 | AE20: =E20*3+G20*2+I20*2+K20*2+O20*3+Q20*2+S20*2+U20*2+W20*3+Y20*2+AA20*2+AC20*2 -> 4
C21: 高階英語聽講練習 | AB21: 2 | AC21: 2 | AD21: =D21*3+F21*2+H21*2+J21*2+N21*3+P21*2+R21*2+T21*2+V21*3+X21*2+Z21*2+AB21*2 -> 4 | AE21: =E21*3+G21*2+I21*2+K21*2+O21*3+Q21*2+S21*2+U21*2+W21*3+Y21*2+AA21*2+AC21*2 -> 4
C22: 高階英文閱讀與寫作練習 | AB22: 2 | AC22: 2 | AD22: =D22*3+F22*2+H22*2+J22*2+N22*3+P22*2+R22*2+T22*2+V22*3+X22*2+Z22*2+AB22*2 -> 4 | AE22: =E22*3+G22*2+I22*2+K22*2+O22*3+Q22*2+S22*2+U22*2+W22*3+Y22*2+AA22*2+AC22*2 -> 4
C23: 基礎英文閱讀與寫作 | N23: 2 | O23: 2 | P23: 2 | Q23: 2 | R23: 2 | S23: 2 | AD23: =D23*3+F23*2+H23*2+J23*2+N23*3+P23*2+R23*2+T23*2+V23*3+X23*2+Z23*2+AB23*2 -> 14 | AE23: =E23*3+G23*2+I23*2+K23*2+O23*3+Q23*2+S23*2+U23*2+W23*3+Y23*2+AA23*2+AC23*2 -> 14
C24: 英文商業書信寫作 | AB24: 2 | AD24: =D24*3+F24*2+H24*2+J24*2+N24*3+P24*2+R24*2+T24*2+V24*3+X24*2+Z24*2+AB24*2 -> 4 | AE24: =E24*3+G24*2+I24*2+K24*2+O24*3+Q24*2+S24*2+U24*2+W24*3+Y24*2+AA24*2+AC24*2 -> 0
C25: 英美文學作品賞析 | T25: 1 | AD25: =D25*3+F25*2+H25*2+J25*2+N25*3+P25*2+R25*2+T25*2+V25*3+X25*2+Z25*2+AB25*2 -> 2 | AE25: =E25*3+G25*2+I25*2+K25*2+O25*3+Q25*2+S25*2+U25*2+W25*3+Y25*2+AA25*2+AC25*2 -> 0
C26: 實用英文表達(AN選)5選1 | Q26: 2 | U26: 2 | AD26: =D26*3+F26*2+H26*2+J26*2+N26*3+P26*2+R26*2+T26*2+V26*3+X26*2+Z26*2+AB26*2 -> 0 | AE26: 2
C27: 英語導覽(AM選)2選1 | U27: 2 | AD27: 0 | AE27: 2
C28: 英語多媒體口說練習(AM選)2選1 | U28: 2 | AD28: 0 | AE28: 2
C29: 繪本製作(AK選)3選1 | T29: 2 | AD29: 2 | AE29: =E29*3+G29*2+I29*2+K29*2+O29*3+Q29*2+S29*2+U29*2+W29*3+Y29*2+AA29*2+AC29*2 -> 0
C30: 英語電影欣賞與討論(AK選)3選1 | T30: 2 | AD30: 2 | AE30: 0
C31: 英語桌遊(AK選)3選1 | T31: 2 | AD31: 2 | AE31: =E31*3+G31*2+I31*2+K31*2+O31*3+Q31*2+S31*2+U31*2+W31*3+Y31*2+AA31*2+AC31*2 -> 0
C32: 中英翻譯練習(AL選)2選1 | U32: 0 | AD32: =D32*3+F32*2+H32*2+J32*2+N32*3+P32*2+R32*2+T32*2+V32*3+X32*2+Z32*2+AB32*2 -> 0 | AE32: 2
C33: 趣味英文閱讀 | V33: 2 | W33: 2 | X33: 2 | Y33: 2 | Z33: 2 | AA33: 2 | AD33: =D33*3+F33*2+H33*2+J33*2+N33*3+P33*2+R33*2+T33*2+V33*3+X33*2+Z33*2+AB33*2 -> 14 | AE33: =E33*3+G33*2+I33*2+K33*2+O33*3+Q33*2+S33*2+U33*2+W33*3+Y33*2+AA33*2+AC33*2 -> 14
C34: 英文(彈性補強) | AD34: 1 | AE34: 1
C35: 新聞英文導讀 | T35: 1 | AD35: =D35*3+F35*2+H35*2+J35*2+N35*3+P35*2+R35*2+T35*2+V35*3+X35*2+Z35*2+AB35*2 -> 2 | AE35: =E35*3+G35*2+I35*2+K35*2+O35*3+Q35*2+S35*2+U35*2+W35*3+Y35*2+AA35*2+AC35*2 -> 0
C36: 觀光餐旅英語(AG選)2選1 | AC36: 2 | AD36: =AB36*2 -> 0 | AE36: 2
C37: 觀光餐旅英語(AL選)2選1 | U37: 0 | AD37: 0 | AE37: 0
C38: 英語導覽(AG選)2選1 | AC38: 2 | AD38: 0 | AE38: 2
C39: 外語簡報實務 | T39: 2 | U39: 2 | AD39: =T39*2 -> 4 | AE39: =U39*2 -> 4
C40: 外語文書處理實務 | J40: 2 | K40: 2 | AD40: =D40*3+F40*2+H40*2+J40*2+N40*3+P40*2+R40*2+T40*2+V40*3+X40*2+Z40*2+AB40*2 -> 4 | AE40: =E40*3+G40*2+I40*2+K40*2+O40*3+Q40*2+S40*2+U40*2+W40*3+Y40*2+AA40*2+AC40*2 -> 4
C41: 專題製作(應外科) | AB41: 2 | AC41: 2 | AD41: =D41*3+F41*2+H41*2+J41*2+N41*3+P41*2+R41*2+T41*2+V41*3+X41*2+Z41*2+AB41*2 -> 4 | AE41: =E41*3+G41*2+I41*2+K41*2+O41*3+Q41*2+S41*2+U41*2+W41*3+Y41*2+AA41*2+AC41*2 -> 4
B42: 數學/自然 | C42: 數學 | D42: 3 | E42: 3 | F42: 3 | G42: 3 | H42: 3 | I42: 3 | J42: 3 | K42: 3 | L42: 3 | M42: 3 | N42: 3 | O42: 3 | P42: 3 | Q42: 3 | R42: 3 | S42: 3 | T42: 3 | U42: 3 | AD42: =D42*3+F42*2+H42*2+J42*2+N42*3+P42*2+R42*2+T42*2+V42*3+X42*2+Z42*2+AB42*2 -> 54 | AE42: =E42*3+G42*2+I42*2+K42*2+O42*3+Q42*2+S42*2+U42*2+W42*3+Y42*2+AA42*2+AC42*2 -> 54 | AF42: =SUM(AD42:AD46) -> 82 | AG42: =SUM(AE42:AE47) -> 86
C43: 數學演習(移至高三) | AD43: =D43*3+F43*2+H43*2+J43*2+N43*3+P43*2+R43*2+T43*2+V43*3+X43*2+Z43*2+AB43*2 -> 0 | AE43: =E43*3+G43*2+I43*2+K43*2+O43*3+Q43*2+S43*2+U43*2+W43*3+Y43*2+AA43*2+AC43*2 -> 0
C44: 數學應用 | V44: 3 | W44: 3 | X44: 3 | Y44: 3 | Z44: 3 | AA44: 3 | AB44: 3 | AC44: 3 | AD44: =D44*3+F44*2+H44*2+J44*2+N44*3+P44*2+R44*2+T44*2+V44*3+X44*2+Z44*2+AB44*2 -> 27 | AE44: =E44*3+G44*2+I44*2+K44*2+O44*3+Q44*2+S44*2+U44*2+W44*3+Y44*2+AA44*2+AC44*2 -> 27
C45: 數學加油站(彈性補強) | AD45: 1 | AE45: 1
C46: 趣味數學與遊戲(AG選) 4選1 | S46: 2 | AD46: =D46*3+F46*2+H46*2+J46*2+N46*3+P46*2+R46*2+T46*2+V46*3+X46*2+Z46*2+AB46*2 -> 0 | AE46: 2
C47: 趣味數學與遊戲(AN選) 5選1 | Q47: 2 | U47: 2 | AD47: 0 | AE47: 2
C48: 物理 | D48: 2 | F48: 2 | H48: 2 | J48: 2 | L48: 2 | AD48: =D48*3+F48*2+H48*2+J48*2+N48*3+P48*2+R48*2+T48*2+V48*3+X48*2+Z48*2+AB48*2 -> 18 | AE48: =E48*3+G48*2+I48*2+K48*2+O48*3+Q48*2+S48*2+U48*2+W48*3+Y48*2+AA48*2+AC48*2 -> 0 | AF48: =SUM(AD48:AD50) -> 18 | AG48: =AE50+AE49 -> 18
C49: 化學 | E49: 1 | G49: 1 | I49: 1 | K49: 1 | M49: 1 | AD49: 0 | AE49: 9
C50: 生物 | E50: 1 | G50: 1 | I50: 1 | K50: 1 | M50: 1 | AD50: =D50*3+F50*2+H50*2+J50*2+N50*3+P50*2+R50*2+T50*2+V50*3+X50*2+Z50*2+AB50*2 -> 0 | AE50: =E50*3+G50*2+I50*2+K50*2+O50*3+Q50*2+S50*2+U50*2+W50*3+Y50*2+AA50*2+AC50*2 -> 9
B51: 會計 | C51: 會計學 | D51: 3 | E51: 3 | F51: 3 | G51: 3 | H51: 3 | I51: 3 | J51: 3 | K51: 3 | N51: 2 | O51: 2 | P51: 2 | Q51: 2 | R51: 2 | S51: 2 | AD51: =D51*3+F51*2+H51*2+J51*2+N51*3+P51*2+R51*2+T51*2+V51*3+X51*2+Z51*2+AB51*2 -> 41 | AE51: =E51*3+G51*2+I51*2+K51*2+O51*3+Q51*2+S51*2+U51*2+W51*3+Y51*2+AA51*2+AC51*2 -> 41 | AF51: =SUM(AD51:AD71) -> 127 | AG51: =SUM(AE51:AE71) -> 119
C52: 會計實務 | N52: 1 | O52: 1 | P52: 1 | Q52: 1 | R52: 1 | S52: 1 | V52: 3 | W52: 3 | Z52: 4 | AA52: 4 | AD52: =D52*3+F52*2+H52*2+J52*2+N52*3+P52*2+R52*2+T52*2+V52*3+X52*2+Z52*2+AB52*2 -> 24 | AE52: =E52*3+G52*2+I52*2+K52*2+O52*3+Q52*2+S52*2+U52*2+W52*3+Y52*2+AA52*2+AC52*2 -> 24
C53: 會計(彈性補強) | AD53: 2 | AE53: 2
C54: 記帳實作 | F54: 2 | G54: 2 | H54: 2 | I54: 2 | AD54: =D54*3+F54*2+H54*2+J54*2+N54*3+P54*2+R54*2+T54*2+V54*3+X54*2+Z54*2+AB54*2 -> 8 | AE54: =E54*3+G54*2+I54*2+K54*2+O54*3+Q54*2+S54*2+U54*2+W54*3+Y54*2+AA54*2+AC54*2 -> 8
C55: 會計實作 | X55: 4 | Y55: 4 | AD55: =D55*3+F55*2+H55*2+J55*2+N55*3+P55*2+R55*2+T55*2+V55*3+X55*2+Z55*2+AB55*2 -> 8 | AE55: =E55*3+G55*2+I55*2+K55*2+O55*3+Q55*2+S55*2+U55*2+W55*3+Y55*2+AA55*2+AC55*2 -> 8
C56: 理財生活 | F56: 1 | G56: 1 | AD56: =D56*3+F56*2+H56*2+J56*2+N56*3+P56*2+R56*2+T56*2+V56*3+X56*2+Z56*2+AB56*2 -> 2 | AE56: =E56*3+G56*2+I56*2+K56*2+O56*3+Q56*2+S56*2+U56*2+W56*3+Y56*2+AA56*2+AC56*2 -> 2
C57: 會計軟體應用 | P57: 2 | Q57: 2 | R57: 2 | S57: 2 | AD57: =D57*3+F57*2+H57*2+J57*2+N57*3+P57*2+R57*2+T57*2+V57*3+X57*2+Z57*2+AB57*2 -> 8 | AE57: =E57*3+G57*2+I57*2+K57*2+O57*3+Q57*2+S57*2+U57*2+W57*3+Y57*2+AA57*2+AC57*2 -> 8
C58: 商用會計初階 | T58: 3 | U58: 3 | AD58: =D58*3+F58*2+H58*2+J58*2+N58*3+P58*2+R58*2+T58*2+V58*3+X58*2+Z58*2+AB58*2 -> 6 | AE58: =E58*3+G58*2+I58*2+K58*2+O58*3+Q58*2+S58*2+U58*2+W58*3+Y58*2+AA58*2+AC58*2 -> 6
C59: 商用會計進階 | AB59: 3 | AC59: 3 | AD59: =AB59*2 -> 6 | AE59: =AC59*2 -> 6
C60: 專題製作(會計科) | X60: 2 | Y60: 2 | AD60: =D60*3+F60*2+H60*2+J60*2+N60*3+P60*2+R60*2+T60*2+V60*3+X60*2+Z60*2+AB60*2 -> 4 | AE60: =E60*3+G60*2+I60*2+K60*2+O60*3+Q60*2+S60*2+U60*2+W60*3+Y60*2+AA60*2+AC60*2 -> 4
C61: 金融證券與投資實務 | X61: 2 | AD61: 4 | AE61: 0
C62: 商業溝通 | Y62: 2 | AD62: 0 | AE62: 4
C63: 策展行銷簡報實作(AF選)3選1 | R63: 2 | AD63: 2 | AE63: 0
C64: 策展行銷簡報實作(AN選)5選1 | Q64: 2 | U64: 2 | AD64: 2 | AE64: 0
C65: 行銷實務 | P65: 2 | Q65: 2 | AD65: 4 | AE65: 4
C66: 理財桌游(AH選)3選1 | P66: 2 | AD66: 2 | AE66: 0
C67: 會計資訊分析應用(AH選)3選1 | P67: 2 | AD67: 2 | AE67: 0
C68: 租稅申報實務(AI選)2選1 | P68: 1 | AD68: 1 | AE68: 0
C69: 財務報表分析(AI選)2選1 | P69: 1 | AD69: 1 | AE69: 0
C70: 金融實務(AJ選)2選1 | Q70: 1 | AD70: 0 | AE70: 1
C71: 企業名人賞析(AJ選)2選1 | Q71: 1 | AD71: 0 | AE71: 1 | AI71: 備註(商科修改112學年度)
B72: 商經 | C72: 商業概論 | D72: 2 | E72: 2 | F72: 2 | G72: 2 | H72: 2 | I72: 2 | J72: 2 | K72: 2 | AD72: =D72*2+F72*2+H72*2+J72*2+N72*3+P72*2+R72*2+T72*2+V72*3+X72*2+Z72*2+AB72*2 -> 16 | AE72: =E72*2+G72*2+I72*2+K72*2+O72*3+Q72*2+S72*2+U72*2+W72*3+Y72*2+AA72*2+AC72*2 -> 16 | AF72: =SUM(AD72:AD92) -> 129 | AG72: =SUM(AE72:AE92) -> 129 | AI72: 班級數資一2班
C73: 經濟學 | N73: 4 | O73: 4 | P73: 4 | Q73: 4 | R73: 4 | S73: 4 | AD73: =D73*3+F73*2+H73*2+J73*2+N73*3+P73*2+R73*2+T73*2+V73*3+X73*2+Z73*2+AB73*2 -> 28 | AE73: =E73*3+G73*2+I73*2+K73*2+O73*3+Q73*2+S73*2+U73*2+W73*3+Y73*2+AA73*2+AC73*2 -> 28 | AI73: (依翠華老師建議排序調整)
C74: 經濟學初階 | T74: 3 | U74: 3 | AD74: =D74*3+F74*2+H74*2+J74*2+N74*3+P74*2+R74*2+T74*2+V74*3+X74*2+Z74*2+AB74*2 -> 6 | AE74: =E74*3+G74*2+I74*2+K74*2+O74*3+Q74*2+S74*2+U74*2+W74*3+Y74*2+AA74*2+AC74*2 -> 6
C75: 經濟學進階 | V75: 3 | W75: 3 | X75: 4 | Y75: 4 | Z75: 4 | AA75: 4 | AB75: 3 | AC75: 3 | AD75: =V75*3+X75*2+Z75*2+AB75*2 -> 31 | AE75: =W75*3+Y75*2+AA75*2+AC75*2 -> 31
C76: 商業經營管理 | V76: 2 | W76: 2 | X76: 2 | Y76: 2 | Z76: 2 | AA76: 2 | AB76: 2 | AC76: 2 | AD76: =D76*3+F76*2+H76*2+J76*2+N76*3+P76*2+R76*2+T76*2+V76*3+X76*2+Z76*2+AB76*2 -> 18 | AE76: =E76*3+G76*2+I76*2+K76*2+O76*3+Q76*2+S76*2+U76*2+W76*3+Y76*2+AA76*2+AC76*2 -> 18
C77: 商經(彈性補強) | AD77: 2 | AE77: 2
C78: 門市經營實務 | F78: 2 | G78: 2 | H78: 2 | I78: 2 | AD78: =D78*3+F78*2+H78*2+J78*2+N78*3+P78*2+R78*2+T78*2+V78*3+X78*2+Z78*2+AB78*2 -> 8 | AE78: =E78*3+G78*2+I78*2+K78*2+O78*3+Q78*2+S78*2+U78*2+W78*3+Y78*2+AA78*2+AC78*2 -> 8
C79: 行銷實務 | R79: 2 | S79: 2 | AD79: =D79*3+F79*2+H79*2+J79*2+N79*3+P79*2+R79*2+T79*2+V79*3+X79*2+Z79*2+AB79*2 -> 4 | AE79: =E79*3+G79*2+I79*2+K79*2+O79*3+Q79*2+S79*2+U79*2+W79*3+Y79*2+AA79*2+AC79*2 -> 4
C80: 商業溝通 | AA80: 2 | AD80: =D80*3+F80*2+H80*2+J80*2+N80*3+P80*2+R80*2+T80*2+V80*3+X80*2+Z80*2+AB80*2 -> 0 | AE80: =E80*3+G80*2+I80*2+K80*2+O80*3+Q80*2+S80*2+U80*2+W80*3+Y80*2+AA80*2+AC80*2 -> 4 | AI80: 尚未確定是否幫忙上資科的商業溝通，故先不列入
C81: 金融與證券投資實務 | Z81: 2 | AD81: =D81*3+F81*2+H81*2+J81*2+N81*3+P81*2+R81*2+T81*2+V81*3+X81*2+Z81*2+AB81*2 -> 4 | AE81: =E81*3+G81*2+I81*2+K81*2+O81*3+Q81*2+S81*2+U81*2+W81*3+Y81*2+AA81*2+AC81*2 -> 0
C82: 專題製作(商經科) | Z82: 2 | AA82: 2 | AD82: =D82*3+F82*2+H82*2+J82*2+N82*3+P82*2+R82*2+T82*2+V82*3+X82*2+Z82*2+AB82*2 -> 4 | AE82: =E82*3+G82*2+I82*2+K82*2+O82*3+Q82*2+S82*2+U82*2+W82*3+Y82*2+AA82*2+AC82*2 -> 4
C83: 電腦打字實務(必) | H83: 1 | I83: 1 | AD83: 2 | AE83: 2 | AI83: 課程名稱修改，商一2班
C84: 策展行銷簡報實作(AE選)3選1 | R84: 2 | AD84: 2 | AE84: 0 | AI84: 新增，(AE選)
C85: 商業簡報實作(AE選)3選1 | R85: 2 | AD85: 2 | AE85: 0 | AI85: (AE選)
C86: 文創商品巧手做(AP選)3選1 | S86: 2 | AD86: 0 | AE86: 2 | AI86: (AP選)3選1
C87: 簡報進階應用(AP選)3選1 | S87: 2 | AD87: 0 | AE87: 2 | AI87: (AP選)3選1
C88: 創意企劃(AN選)2選1 | S88: 1 | AD88: 0 | AE88: 1 | AI88: (AN選)2選1
C89: 銷售實務(AN選)2選1 | S89: 1 | AD89: 0 | AE89: 1 | AI89: (AN選)2選1
C90: 財經新聞導讀(AO選)2選1 | R90: 1 | AD90: 1 | AE90: 0 | AI90: 新增，(AO選)2選1
C91: 商業禮儀(AO選)2選1 | R91: 1 | AD91: 1 | AE91: 0 | AI91: (AO選)2選1
C92: 財經新聞導讀(AN選)5選1 | AI92: 要刪除，此為會科的課
B93: 資處 | C93: 資訊科技 | D93: 1 | E93: 1 | F93: 1 | G93: 1 | H93: 1 | I93: 1 | J93: 1 | K93: 1 | L93: 1 | M93: 1 | AD93: =D93*2+F93*2+H93*2+J93*2+N93*3+P93*2+R93*2+T93*2+V93*3+X93*2+Z93*2+AB93*2+L93 -> 9 | AE93: =E93*2+G93*2+I93*2+K93*2+O93*3+Q93*2+S93*2+U93*2+W93*3+Y93*2+AA93*2+AC93*2+M93 -> 9 | AF93: =SUM(AD93:AD117) -> 132 | AG93: =SUM(AE93:AE117) -> 124
C94: 資處(彈性補強) | AD94: 2 | AE94: 2
C95: 數位科技概論 | D95: 2 | E95: 2 | F95: 2 | G95: 2 | H95: 2 | I95: 2 | J95: 2 | K95: 2 | AD95: =D95*2+F95*2+H95*2+J95*2 -> 16 | AE95: =E95*2+G95*2+I95*2+K95*2+O95*3+Q95*2+S95*2+U95*2+W95*3+Y95*2+AA95*2+AC95*2+M95 -> 16
C96: 數位科技應用 | N96: 2 | O96: 2 | P96: 2 | Q96: 2 | R96: 2 | S96: 2 | T96: 2 | U96: 2 | AD96: =D96*3+F96*2+H96*2+J96*2+N96*3+P96*2+R96*2+T96*2+V96*3+X96*2+Z96*2+AB96*2 -> 18 | AE96: =E96*3+G96*2+I96*2+K96*2+O96*3+Q96*2+S96*2+U96*2+W96*3+Y96*2+AA96*2+AC96*2 -> 18
C97: 中英文輸入實務 | D97: 1 | E97: 1 | AD97: =D97*2 -> 2 | AE97: =E97*2 -> 2
C98: 數位科技實務 | V98: 4 | W98: 4 | X98: 3 | Y98: 3 | Z98: 3 | AA98: 3 | AB98: 3 | AC98: 3 | AD98: =V98*3+X98*2+Z98*2+AB98*2 -> 30 | AE98: =W98*3+Y98*2+AA98*2+AC98*2 -> 30
C99: 文書進階應用(AF選)3選1 | R99: 2 | S99: 0 | AD99: 2 | AE99: 0
C100: 文書進階應用(AB選)4選1 | N100: 2 | AD100: 2 | AE100: 0
...

Sheet 進113課程節數一覽表
A1: ="國立花蓮高商進修部 113 學年度第 1 學期課程節數概算表" -> 國立花蓮高商進修部 113 學年度第 1 學期課程節數概算表 | K1: =TODAY() -> 45604
A2: 教學 領域 | B2: 年級科別 科目名稱 | C2: 一年級 | F2: 二 年 級 | H2: 三年級 | J2: 小 計 | K2: 總 計 | L2: 備 註 (現有正式教師) | M2: 導師
C3: 商經 | D3: 資處 | E3: 商訊 | F3: 商經 | G3: 資處 | H3: 商經 | I3: 資處
A4: 語文 | B4: 國語文 | C4: 2 | D4: 2 | E4: 3 | F4: 2 | G4: 2 | H4: 2 | I4: 2 | J4: =SUM(C4:I4) -> 15 | K4: =SUM(J4:J11) -> 29 | L4: 組長:李智淵(5)(課諮-1) 導師:顏如玉(10) 導師:許雅婷(10) | M4: 商一甲 | N4: 張萬華
B5: 本土語文 | C5: 1 | D5: 1 | E5: 1 | J5: =SUM(C5:I5) -> 3 | M5: 資一甲 | N5: 許雅婷
B6: 公民與社會 | C6: 1 | D6: 1 | E6: 1 | J6: =SUM(C6:I6) -> 3 | M6: 訊一甲 | N6: 顏如玉
B7: 歷史 | C7: 1 | D7: 1 | J7: =SUM(C7:I7) -> 2 | M7: 商二甲 | N7: 張美惠
B8: 從在地作家看經典 | H8: 1 | J8: =SUM(C8:I8) -> 1 | M8: 資二甲 | N8: 劉和師
B9: 彈性學習時間 | H9: 2 | I9: 2 | J9: =SUM(C9:I9) -> 4 | M9: 商三甲 | N9: 張秋菊
B10: 花蓮作家與原住民文學 | I10: 1 | J10: =SUM(C10:I10) -> 1 | M10: 資三甲 | N10: 黃文華
B11: 國語文閱讀寫作 | J11: =SUM(C11:I11) -> 0
A12: 英文 | B12: 英語文 | C12: 2 | D12: 2 | E12: 2 | F12: 2 | G12: 2 | H12: 2 | I12: 2 | J12: =SUM(C12:I12) -> 14 | K12: =SUM(J12:J13) -> 14 | L12: 導師:張萬華(12)
B13: 實用英語 | J13: =SUM(C13:I13) -> 0
A14: 數學 | B14: 數學 | C14: 2 | D14: 2 | E14: 2 | F14: 2 | G14: 2 | J14: =SUM(C14:I14) -> 10 | K14: =SUM(J14) -> 10 | L14: 組長:吳振銘(6)
A15: 會計科 | B15: 會計學 | C15: 3 | D15: 3 | F15: 2 | G15: 2 | J15: =SUM(C15:I15) -> 10 | K15: =SUM(J15:J27) -> 27 | L15: 導師:黃文華(12) 專任:黃伃延(16)
B16: 會計實務 | E16: 3 | H16: 2 | J16: =SUM(C16:I16) -> 5
B17: 行銷實務 | F17: 2 | J17: =SUM(C17:I17) -> 2
B18: 會計學概要分析 | H18: 2 | I18: 2 | J18: =SUM(C18:I18) -> 4
B19: 記帳實務 | J19: =SUM(C19:I19) -> 0
B20: 會計軟體應用 | J20: =SUM(C20:I20) -> 0
B21: 金融與證券投資實務 | H21: 2 | J21: =SUM(C21:I21) -> 2
B22: 活用會計(核跨班) | F22: 2 | H22: 2 | J22: =SUM(C22:I22) -> 4
B23: 帳務分析實作(核跨班) | J23: =SUM(C23:I23) -> 0
B24: 資訊記帳實務(核跨班) | J24: =SUM(C24:I24) -> 0
B25: 人工記帳實務(核跨班) | J25: =SUM(C25:I25) -> 0
B26: 會計實務進階(實選修) | J26: =SUM(C26:I26) -> 0
B27: 行銷實務(實選修) | J27: =SUM(C27:I27) -> 0
A28: 商經科 | B28: 商業概論 | C28: 2 | D28: 2 | E28: 2 | J28: =SUM(C28:I28) -> 6 | K28: =SUM(J28:J41) -> 24 | L28: 導師:張秋菊(12) 專任:李思穎(16)
B29: 門市經營實務 | C29: 2 | J29: =SUM(C29:I29) -> 2
B30: 門市服務實務 | E30: 3 | J30: =SUM(C30:I30) -> 3
B31: 商業刊物導讀 | J31: =SUM(C31:I31) -> 0
B32: 經濟學 | F32: 4 | G32: 2 | J32: =SUM(C32:I32) -> 6
B33: 經濟學概要 | J33: =SUM(C33:I33) -> 0
B34: 經濟學進階 | H34: 3 | J34: =SUM(C34:I34) -> 3
B35: 專題實作 | H35: 2 | J35: =SUM(C35:I35) -> 2
B36: 商業經營管理 | J36: =SUM(C36:I36) -> 0
B37: 商業簡報實務(核跨班) | H37: 2 | J37: =SUM(C37:I37) -> 2
B38: 理財桌遊(核跨班) | J38: =SUM(C38:I38) -> 0
B39: 電子商務實務(實選修) | J39: =SUM(C39:I39) -> 0
B40: 商業簡報實務(實選修) | J40: =SUM(C40:I40) -> 0
B41: 商業溝通 | J41: =SUM(C41:I41) -> 0
A42: 資處科 | B42: 程式語言與設計 | D42: 2 | E42: 2 | J42: =SUM(C42:I42) -> 4 | K42: =SUM(J42:J62) -> 35 | L42: 主任:官孟璋(5) 導師:劉和師(12) 導師:張美惠(12)
B43: 資訊科技 | F43: 1 | G43: 1 | J43: =SUM(C43:I43) -> 2
B44: 數位科技概論 | C44: 2 | D44: 2 | E44: 2 | J44: =SUM(C44:I44) -> 6
B45: 數位科技應用 | F45: 2 | G45: 2 | J45: =SUM(C45:I45) -> 4
B46: 運算思維 | J46: =SUM(C46:I46) -> 0
B47: 多媒體製作與應用 | G47: 3 | J47: =SUM(C47:I47) -> 3
B48: 中英文文書處理 | G48: 1 | J48: =SUM(C48:I48) -> 1
B49: 職涯體驗 | J49: =SUM(C49:I49) -> 0
B50: 數位文件製作 | J50: =SUM(C50:I50) -> 0
B51: 程式語言實作 | J51: =SUM(C51:I51) -> 0
B52: 影像處理 | I52: 2 | J52: =SUM(C52:I52) -> 2
B53: 數位科技進階 | I53: 3 | J53: =SUM(C53:I53) -> 3
B54: 專題實作 | I54: 2 | J54: =SUM(C54:I54) -> 2
B55: 資料庫應用 | I55: 2 | J55: =SUM(C55:I55) -> 2
B56: 數位媒體應用(核跨班) | J56: =SUM(C56:I56) -> 0
B57: 數據分析應用(核跨班) | J57: =SUM(C57:I57) -> 0
B58: 網頁設計(核跨班) | I58: 2 | J58: =SUM(C58:I58) -> 2
B59: 雲端服務運用(核跨班) | G59: 2 | I59: 2 | J59: =SUM(C59:I59) -> 4
B60: 多媒體製作與應用(實跨班) | J60: =SUM(C60:I60) -> 0
B61: 網頁設計(實跨班) | J61: =SUM(C61:I61) -> 0
B62: 行動裝置程式開發 | J62: =SUM(C62:I62) -> 0
A63: 藝術與生活 | B63: 美術 | F63: 2 | G63: 2 | J63: =SUM(C63:I63) -> 4 | K63: =SUM(J63:J64) -> 4
B64: 藝術生活 | J64: =SUM(C64:I64) -> 0
A65: 輔導 | B65: 生涯規劃 | C65: 1 | D65: 1 | E65: 1 | J65: =SUM(C65:I65) -> 3 | K65: =SUM(J65:J67) -> 3 | L65: 輔導老師：黃佩莉(6)
B66: 生命教育概論 | J66: =SUM(C66:I66) -> 0
B67: 人際關係 | J67: =SUM(C67:I67) -> 0
A68: 自然科 | B68: 物理 | C68: 2 | D68: 2 | J68: =SUM(C68:I68) -> 4 | K68: =SUM(J68:J69) -> 4
B69: 生物 | J69: =SUM(C69:I69) -> 0
A70: 藝能科 | B70: 體育 | C70: 1 | D70: 1 | E70: 1 | J70: =SUM(C70:I70) -> 3 | K70: =SUM(J70:J74) -> 11
B71: 體適能與運動 | F71: 1 | G71: 1 | H71: 1 | I71: 1 | J71: =SUM(C71:I71) -> 4
B72: 健康與護理 | F72: 1 | G72: 1 | J72: =SUM(C72:I72) -> 2
B73: 全民國防教育 | C73: 1 | D73: 1 | J73: =SUM(C73:I73) -> 2
B74: 彈性學習 | J74: =SUM(C74:I74) -> 0
A75: 導師 | B75: 團體活動 | C75: 1 | D75: 1 | E75: 2 | F75: 1 | G75: 1 | H75: 1 | I75: 1 | J75: =SUM(C75:I75) -> 8 | K75: =SUM(J75:J77) -> 8
B76: 綜合活動 | J76: =SUM(C76:I76) -> 0
B77: 班會 | J77: =SUM(C77:I77) -> 0
A78: 小 計 | C78: =SUM(C4:C77) -> 24 | D78: =SUM(D4:D77) -> 24 | E78: =SUM(E4:E77) -> 25 | F78: =SUM(F4:F77) -> 24 | G78: =SUM(G4:G77) -> 24 | H78: =SUM(H4:H77) -> 24 | I78: =SUM(I4:I77) -> 24 | J78: =SUM(J4:J77) -> 169 | K78: =SUM(K4:K77) -> 169

Sheet 113進修部-節數比較表(7班)
A1: 進修部--課程時數概算比較表
A2: 學年度 | B2: 113-1學年度(預估) | F2: 平均兼課時數 | I2: 113 上學年度
A3: 群別 | B3: 基本 節數 | C3: 分配 節數 | D3: 剩餘 節數 | F3: 113學年度 | I3: 職稱 | J3: 主任 | K3: 組長 | M3: 科主任 | O3: 導師 | R3: 專任 | U3: 兼課 | V3: 教官 | W3: 合 計 | X3: 基本授課 時數
I4: 基本 時數 | J4: 5 | K4: 6 | L4: 7 | M4: 7 | N4: =SUM(M4:M10) -> 7 | O4: 10 | P4: 12 | Q4: 14 | R4: 14 | S4: 16 | T4: 18 | U4: 0 | V4: 10
A5: 國文/ 社會領域 | B5: =X5 -> 25 | C5: ='[1]113-1_7班'!L4 -> 29 | D5: =C5-B5+1 -> 5 | F5: =IF(W5=0,D5,D5/(W5-U5)) -> 1.6666667 | G5: 節/人 | I5: 各科教師人數 | K5: 1 | O5: 2 | W5: =SUM(J5:V5) -> 3 | X5: =$J$4*J5+$K$4*K5+$L$4*L5+$M$4*M5+$N$4*N5+$O$4*O5+$P$4*P5+$Q$4*Q5+$R$4*R5+$S$4*S5+$T$4*T5+$U$4*U5+$V$4*V5-1 -> 25 | Y5: 組長：李智淵(5)(課諮減1) 導師：許雅婷(10) 導師：顏如玉(10) | Z5: 本土-3 +3班會
A6: 英文領域 | B6: =X6 -> 12 | C6: ='[1]113-1_7班'!L12 -> 14 | D6: =C6-B6 -> 2 | F6: =IF(W6=0,D6,D6/(W6-U6)) -> 2 | G6: 節/人 | P6: 1 | W6: =SUM(J6:V6) -> 1 | X6: =$J$4*J6+$K$4*K6+$L$4*L6+$M$4*M6+$N$4*N6+$O$4*O6+$P$4*P6+$Q$4*Q6+$R$4*R6+$S$4*S6+$T$4*T6+$U$4*U6+$V$4*V6 -> 12
A7: 數學領域 | B7: =X7 -> 14 | C7: ='[1]113-1_7班'!L14 -> 10 | D7: =C7-B7 -> -4 | F7: =IF(W7=0,D7,D7/(W7-U7)) -> -4 | G7: 節/人 | R7: 1 | W7: =SUM(J7:V7) -> 1 | X7: =$J$4*J7+$K$4*K7+$L$4*L7+$M$4*M7+$N$4*N7+$O$4*O7+$P$4*P7+$Q$4*Q7+$R$4*R7+$S$4*S7+$T$4*T7+$U$4*U7+$V$4*V7 -> 14
A8: 自然領域 | B8: =X8 -> 0 | C8: ='[1]113-1_7班'!L68 -> 4 | D8: =C8-B8 -> 4 | F8: =IF(W8=0,D8,D8/(W8-U8)) -> 4 | G8: 節/人 | W8: =SUM(J8:V8) -> 0 | X8: =$J$4*J8+$K$4*K8+$L$4*L8+$M$4*M8+$N$4*N8+$O$4*O8+$P$4*P8+$Q$4*Q8+$R$4*R8+$S$4*S8+$T$4*T8+$U$4*U8+$V$4*V8 -> 0
A9: 會計科 | B9: =X9 -> 12 | C9: ='[1]113-1_7班'!L15 -> 27 | D9: =C9-B9+1 -> 16 | F9: =IF(W9=0,D9,D9/(W9-U9)) -> 16 | G9: 節/人 | P9: 1 | W9: =SUM(J9:V9) -> 1 | X9: =$J$4*J9+$K$4*K9+$L$4*L9+$M$4*M9+$N$4*N9+$O$4*O9+$P$4*P9+$Q$4*Q9+$R$4*R9+$S$4*S9+$T$4*T9+$U$4*U9+$V$4*V9 -> 12 | Y9: 導師：黃文華(12) | Z9: +1班會
A10: 商經科 | B10: =X10 -> 12 | C10: ='[1]113-1_7班'!L28 -> 24 | D10: =C10-B10+1 -> 13 | F10: =IF(W10=0,D10,D10/(W10-U10)) -> 13 | G10: 節/人 | P10: 1 | W10: =SUM(J10:V10) -> 1 | X10: =$J$4*J10+$K$4*K10+$L$4*L10+$M$4*M10+$N$4*N10+$O$4*O10+$P$4*P10+$Q$4*Q10+$R$4*R10+$S$4*S10+$T$4*T10+$U$4*U10+$V$4*V10 -> 12 | Y10: 導師：張秋菊(12) | Z10: +1班會
A11: 資處科 | B11: =X11 -> 29 | C11: ='[1]113-1_7班'!L42 -> 35 | D11: =C11-B11+2 -> 8 | F11: =IF(W11=0,D11,D11/(W11-U11)) -> 2.6666667 | G11: 節/人 | J11: 1 | P11: 2 | W11: =SUM(J11:V11) -> 3 | X11: =$J$4*J11+$K$4*K11+$L$4*L11+$M$4*M11+$N$4*N11+$O$4*O11+$P$4*P11+$Q$4*Q11+$R$4*R11+$S$4*S11+$T$4*T11+$U$4*U11+$V$4*V11 -> 29 | Y11: 主任：官孟璋(5) 導師：劉和師(12) 導師：張美惠(12) | Z11: +2班會
A12: 藝術與生活 | B12: =X12 -> 0 | C12: ='[1]113-1_7班'!L63 -> 4 | D12: =C12-B12 -> 4 | F12: =IF(W12=0,D12,D12/(W12-U12)) -> 4 | G12: 節/人 | W12: =SUM(J12:V12) -> 0 | X12: =$J$4*J12+$K$4*K12+$L$4*L12+$M$4*M12+$N$4*N12+$O$4*O12+$P$4*P12+$Q$4*Q12+$R$4*R12+$S$4*S12+$T$4*T12+$U$4*U12+$V$4*V12 -> 0
A13: 體育 | B13: =X13 -> 0 | C13: ='[1]113-1_7班'!K70+'[1]113-1_7班'!K71 -> 7 | D13: =C13-B13 -> 7 | F13: =IF(W13=0,D13,D13/(W13-U13)) -> 7 | G13: 節/人 | W13: =SUM(J13:V13) -> 0 | X13: =$J$4*J13+$K$4*K13+$L$4*L13+$M$4*M13+$N$4*N13+$O$4*O13+$P$4*P13+$Q$4*Q13+$R$4*R13+$S$4*S13+$T$4*T13+$U$4*U13+$V$4*V13 -> 0
A14: 健康與護理 | B14: =X14 -> 0 | C14: ='[1]113-1_7班'!K72 -> 2 | D14: =C14-B14 -> 2 | F14: =IF(W14=0,D14,D14/(W14-U14)) -> 2 | G14: 節/人 | W14: =SUM(J14:V14) -> 0 | X14: =$J$4*J14+$K$4*K14+$L$4*L14+$M$4*M14+$N$4*N14+$O$4*O14+$P$4*P14+$Q$4*Q14+$R$4*R14+$S$4*S14+$T$4*T14+$U$4*U14+$V$4*V14 -> 0
A15: 國防通識/ 全民國防教育 | B15: =X15 -> 0 | C15: ='[1]113-1_7班'!K73 -> 2 | D15: =C15-B15 -> 2 | F15: =IF(W15=0,D15,D15/(W15-U15)) -> 2 | G15: 節/人 | W15: =SUM(J15:V15) -> 0 | X15: =$J$4*J15+$K$4*K15+$L$4*L15+$M$4*M15+$N$4*N15+$O$4*O15+$P$4*P15+$Q$4*Q15+$R$4*R15+$S$4*S15+$T$4*T15+$U$4*U15+$V$4*V15 -> 0
A16: 輔導 | B16: =X16 -> 6 | C16: ='[1]113-1_7班'!L65 -> 3 | D16: =C16-B16 -> -3 | F16: =IF(W16=0,D16,D16/(W16-U16)) -> -3 | G16: 節/人 | K16: 1 | W16: =SUM(J16:V16) -> 1 | X16: =$J$4*J16+$K$4*K16+$L$4*L16+$M$4*M16+$N$4*N16+$O$4*O16+$P$4*P16+$Q$4*Q16+$R$4*R16+$S$4*S16+$T$4*T16+$U$4*U16+$V$4*V16 -> 6 | Y16: 輔導老師：黃佩莉(6)
A17: 團體活動 | B17: =X17 -> 0 | C17: ='[1]113-1_7班'!K75 -> 8 | D17: =C17-B17-7 -> 1 | F17: =IF(W17=0,D17,D17/(W17-U17)) -> 1 | G17: 節/人 | W17: =SUM(J17:V17) -> 0 | X17: =$J$4*J17+$K$4*K17+$L$4*L17+$M$4*M17+$N$4*N17+$O$4*O17+$P$4*P17+$Q$4*Q17+$R$4*R17+$S$4*S17+$T$4*T17+$U$4*U17+$V$4*V17 -> 0 | Y17: 導師
B18: =SUM(B5:B17) -> 110 | C18: =SUM(C5:C17) -> 169 | D18: =SUM(D5:D17) -> 57
